FlowDuration,TotalFwdPackets,TotalBackwardPackets,TotalLengthofFwdPackets,TotalLengthofBwdPackets,FwdPacketLengthMax,FwdPacketLengthMin,FwdPacketLengthStd,BwdPacketLengthMax,BwdPacketLengthMin,BwdPacketLengthStd,FlowIATMean,FlowIATStd,FlowIATMax,FlowIATMin,FwdIATTotal,FwdIATMean,FwdIATStd,FwdIATMax,FwdIATMin,BwdIATTotal,BwdIATMean,BwdIATStd,BwdIATMax,BwdIATMin,FwdPSHFlags,FwdURGFlags,FwdHeaderLength,BwdHeaderLength,PacketLengthMean,PacketLengthStd,PacketLengthVariance,FINFlagCount,SYNFlagCount,RSTFlagCount,PSHFlagCount,ACKFlagCount,URGFlagCount,CWEFlagCount,ECEFlagCount,Down/UpRatio,AveragePacketSize,SubflowFwdPackets,SubflowFwdBytes,SubflowBwdPackets,SubflowBwdBytes,Init_Win_bytes_forward,Init_Win_bytes_backward,act_data_pkt_fwd,min_seg_size_forward,ActiveMean,ActiveStd,ActiveMax,ActiveMin,IdleMean,IdleStd,IdleMax,IdleMin,Label,orig_pred,adv_pred,target_pred,orig_confidence,adv_confidence,perceptibility,perturbation_norm,best_iter
-12.0,3.0,0.0,529811.017,0.0,437.0,0.0,198.966,860.0,165.0,430.0,-12.0,0.0,-12.0,-13.0,1228914.969,3567661.643,0.0,0.0,-0.0,0.0,0.0,0.0,0.0,1350262.016,0.0,0.0,4523930.633,-9584545.343,162.125,320.779,1759446.645,0.0,0.0,0.0,1.0,0.0,0.0,0.0,0.0,0.0,185.286,1.0,437.0,0.0,31822390.162,8192.0,31.0,0.0,106.0,0.0,0.0,0.0,0.0,0.0,0.0,0.0,0.0,Benign,Benign,Bot,Bot,0.9999902248382568,0.5203860402107239,0.0001819381141103804,0.11821122467517853,16.0
-12.0,2.0,0.0,476971.013,0.0,46.0,86.0,0.0,127.0,152.0,0.0,3940508.757,4709739.168,-12.0,-13.0,0.0,0.0,351384.032,1765682.995,-0.0,2557528.988,0.0,0.0,0.0,0.0,0.0,0.0,4523930.633,5678020.516,78.4,44.366,1556861.067,0.0,0.0,0.0,0.0,0.0,0.0,0.0,0.0,0.0,98.0,2323.0,92.0,0.0,0.0,-1.0,-1.0,9887.0,106.0,3408762.813,127405.419,1747698.02,2464236.971,0.0,0.0,0.0,0.0,Benign,Benign,DDoS,DDoS,1.0,0.999955415725708,0.0003082496696151793,0.11985909938812256,10.0
7058470.115,5.0,0.0,0.0,0.0,46.0,178.0,0.0,46.0,0.0,0.0,7728714.105,3443966.116,1279829.992,-13.0,5850230.008,1573212.817,0.0,4061421.901,9071252.876,0.0,2286688.015,0.0,0.0,0.0,1.0,0.0,4523930.633,-12652592.114,30.714,21.685,0.0,0.0,1.0,0.0,0.0,1.0,0.0,0.0,0.0,0.0,35.833,1.0,123.0,0.0,0.0,253.0,351.0,4641.0,106.0,6667656.079,0.0,5103281.997,4939211.868,0.0,0.0,2377310.023,0.0,Benign,Benign,DoS,DoS,0.9999978542327881,0.5818924307823181,0.0001790662354324013,0.03364599868655205,8.0
212735.075,2.0,131.499,60426.217,1924573.696,37.0,59.98,49.83,79.0,83.726,0.0,848216.973,624971.511,1165835.538,238592.213,589097.757,341066.541,457040.559,394038.605,206942.602,202209.586,538610.76,146972.046,972935.446,198865.766,0.0,0.0,264823057.275,141843.08,53.8,23.004,58249.68,0.0,0.0,0.0,0.0,0.0,0.0,0.0,0.0,1.738,67.25,1569.822,74.0,2732.193,3559478.899,-1.0,-1.0,806.414,3416009.281,843001.548,316491.652,410993.965,798112.345,495429.933,763559.181,479518.678,353560.913,Benign,Benign,-1.0,Web Attack,0.9999998807907104,0.7780589461326599,inf,inf,inf
0.0,1.0,6.0,0.0,11594.999,2.0,2.0,69.161,6.0,0.0,0.0,874640.255,783858.914,372856.003,1409070.03,482979.007,37266.43,0.0,0.0,-0.0,751678.012,1095824.987,0.0,534841.027,220189.998,0.0,0.0,-238.823,213.202,3.333,2.309,0.0,0.0,0.0,0.0,1.0,0.0,0.0,0.0,0.0,2.0,5.0,6.0,2.0,6.0,0.0,1024.0,0.0,1.0,10.0,1320750.732,0.0,1267679.976,1400166.983,0.0,0.0,141524.998,0.0,PortScan,PortScan,Benign,Benign,0.7225607633590698,0.8737305402755737,0.0002465178840793669,0.02951098047196865,4.0
39896426.395,15.0,2405.861,80075.07,5788624.938,403.0,5.504,237.12,72.0,22.535,33.33,2086719.912,6726517.742,27600496.534,454101.809,39675368.071,3406816.944,7895848.583,27153564.692,247504.396,39826265.574,5622638.762,10139329.824,26640740.633,140335.746,1.0,0.0,140608105.884,8995994.795,140.292,174.718,167005.554,0.0,1.0,0.0,0.0,1.0,0.0,0.0,0.0,0.431,146.391,242.411,2532.0,2913.685,1495508.587,299.0,0.0,420.744,1784393.624,993676.931,1849295.343,1814882.997,112244.33,20057190.657,11632532.531,27527384.162,11994290.65,Benign,Benign,-1.0,Others,0.9999487400054932,0.9929404258728027,inf,inf,inf
-12.0,1.0,0.0,1267982.955,0.0,48.0,0.0,0.0,48.0,131.0,0.0,6512370.183,0.0,-12.0,13830555.212,0.0,0.0,0.0,0.0,-0.0,0.0,0.0,0.0,0.0,0.0,0.0,0.0,4523930.633,-21037775.837,48.0,0.0,0.0,0.0,0.0,0.0,0.0,0.0,0.0,0.0,0.0,0.0,72.0,1.0,48.0,0.0,0.0,-1.0,-1.0,0.0,106.0,0.0,0.0,3273751.959,0.0,0.0,0.0,13043066.561,0.0,Benign,Benign,DoS,DoS,1.0,0.5000849962234497,0.00029495457420125604,0.20022687315940857,112.0
-12.0,1.0,0.0,508326.992,0.0,40.0,0.0,0.0,168.0,205.0,0.0,4447207.152,4936013.498,3285395.897,-13.0,0.0,0.0,0.0,4161446.84,-0.0,0.0,0.0,0.0,0.0,0.0,0.0,0.0,4523930.633,5678020.516,82.667,73.901,0.0,0.0,0.0,0.0,0.0,0.0,0.0,0.0,0.0,0.0,124.0,4984.0,40.0,0.0,0.0,-1.0,-1.0,21859.0,106.0,6787045.226,0.0,4508838.803,3262885.977,0.0,0.0,2781205.997,0.0,Benign,Benign,DDoS,DDoS,1.0,0.5606372356414795,0.0002454835921525955,0.1583728790283203,7.0
-12.0,2.0,0.0,782862.996,14270779.148,54.0,133.0,0.0,70.0,0.0,0.0,7305168.222,0.0,-12.0,9194957.204,1890162.975,0.0,0.0,851095.989,-0.0,0.0,0.0,1532031.431,0.0,611656.979,0.0,0.0,4523930.633,-54056262.621,60.4,8.764,2221658.158,0.0,0.0,0.0,0.0,0.0,0.0,0.0,0.0,0.0,75.5,1.0,108.0,0.0,20099693.617,-1.0,-1.0,0.0,106.0,0.0,0.0,0.0,0.0,0.0,0.0,3481590.897,0.0,Benign,Benign,DoS,DoS,1.0,0.7190194725990295,0.0002170370426028967,0.17704768478870392,13.0
-12.0,2.0,0.0,1144619.018,0.0,31.0,157.0,0.0,112.0,291.0,0.0,1603809.584,722653.548,-12.0,-13.0,625382.01,0.0,0.0,5045996.904,-0.0,0.0,0.0,0.0,0.0,3298828.974,0.0,0.0,4523930.633,5678020.516,63.4,44.366,2984005.547,0.0,0.0,0.0,0.0,0.0,0.0,0.0,0.0,0.0,79.25,667.0,62.0,0.0,0.0,-1.0,-1.0,8981.0,106.0,2303232.625,0.0,0.0,29685.999,0.0,0.0,4364147.186,0.0,Benign,Benign,DoS,DoS,0.9999997615814209,0.5509500503540039,0.00010344001930207014,0.1926994025707245,13.0
1199910.305,1.0,943.457,29903.389,4419500.866,62.0,70.573,69.485,132.0,143.739,0.0,193327.199,173843.696,1143304.533,600344.69,687634.852,239444.096,117214.873,985122.845,290745.382,1038502.045,157306.697,773126.38,371042.63,239689.127,0.0,0.0,117584000.712,6933899.809,85.333,40.415,53172.268,0.0,0.0,0.0,0.0,0.0,0.0,0.0,0.0,1.877,128.0,1812.673,62.0,1509.453,1525208.542,-1.0,-1.0,1247.989,1647305.653,129631.403,581651.854,859972.769,463751.596,582663.64,268204.606,104031.013,746006.984,Benign,Benign,-1.0,Patator,1.0,0.8038662672042847,inf,inf,inf
5617496.999,5.0,8.0,68.0,11607.0,6.0,5.0,0.0,0.0,0.0,0.0,2121992.752,3066704.077,5228343.838,754270.984,5737848.133,1814101.562,2148873.248,5199003.965,855872.991,281379.009,1062893.16,23514.279,193919.004,35138.0,0.0,0.0,-238.823,148.854,6.0,0.0,159885.377,0.0,0.0,0.0,0.0,1.0,0.0,0.0,0.0,1.0,7.2,1.0,30.0,8.0,11607.0,256.0,-1.0,0.0,10.0,301436.794,0.0,329939.995,606691.013,5185171.366,79384.788,5467037.112,5520552.993,DDoS,DDoS,Benign,Benign,0.9999611377716064,0.997833788394928,0.00028201082022860646,0.02086564153432846,3.0
92913303.661,7.0,0.0,0.0,0.0,361.0,587.0,0.0,5803.0,535.0,3175.424,16897524.751,9274828.956,79245524.76,-5.0,87654919.624,34778906.107,33411917.597,68356361.389,-1.0,26729292.87,0.0,0.0,17518082.857,0.0,0.0,0.0,-238.823,341.898,919.692,2167.113,11455423.737,0.0,0.0,0.0,0.0,1.0,0.0,0.0,0.0,0.0,996.333,1.0,361.0,10.0,0.0,251.0,235.0,0.0,42.0,4471172.467,0.0,5718551.129,4051911.868,74163293.839,1416120.971,82165188.789,73694100.38,DoS,DoS,Benign,Benign,1.0,0.39241817593574524,4.781410098075867e-05,0.6182675361633301,228.0
710888.683,2.0,1964.667,121870.505,4142314.613,46.0,48.007,67.037,178.0,202.188,0.0,866171.571,43001.632,237408.624,990645.263,680080.745,684806.909,124711.488,880933.832,633601.046,52371.161,1189720.854,810560.699,1197789.386,436141.91,0.0,0.0,125660680.141,7081256.656,98.8,72.299,51061.718,0.0,0.0,0.0,0.0,0.0,0.0,0.0,0.0,1.793,123.5,687.458,92.0,2375.367,4722061.205,-1.0,-1.0,1937.188,1454537.694,447931.299,589825.629,424322.353,857579.54,687997.565,283165.968,946300.104,910971.165,Benign,Benign,-1.0,Web Attack,1.0,0.9257656335830688,inf,inf,inf
1220441.052,1.0,0.0,0.0,11594.999,2.0,0.0,75.132,6.0,0.0,0.0,3230251.462,2086950.052,0.0,1402093.045,0.0,0.0,0.0,0.0,-0.0,542843.007,1495339.349,0.0,712673.999,142348.004,0.0,0.0,-238.823,213.202,3.333,2.309,0.0,0.0,0.0,0.0,1.0,0.0,0.0,0.0,0.0,2.0,5.0,1.0,2.0,6.0,11594.999,1024.0,0.0,0.0,42.0,1771245.524,0.0,1546949.027,1667187.037,0.0,255201.907,0.0,0.0,PortScan,PortScan,Benign,Benign,0.7225607633590698,0.9913066029548645,0.00019648740999400616,0.05665348470211029,52.0
-12.0,2.0,0.0,0.0,0.0,0.0,240.0,0.0,0.0,215.0,0.0,-12.0,6540451.876,4464514.107,-13.0,0.0,0.0,709641.616,3014405.966,-0.0,0.0,0.0,0.0,0.0,0.0,0.0,0.0,4523930.633,5678020.516,0.0,0.0,0.0,0.0,0.0,0.0,0.0,1.0,0.0,0.0,0.0,0.0,0.0,5762.0,0.0,0.0,0.0,256.0,-1.0,13946.0,106.0,2933967.747,1126572.373,3373494.931,2374249.063,0.0,0.0,0.0,0.0,Benign,DoS,DDoS,DDoS,0.5137242674827576,0.9999940395355225,0.000247100368142128,0.18244346976280212,11.0
0.0,1.0,6.0,0.0,0.0,0.0,2.0,75.132,6.0,0.0,0.0,517325.943,653962.207,1189191.993,0.0,0.0,0.0,0.0,0.0,-0.0,0.0,1716571.413,244785.702,427114.014,2054957.896,0.0,0.0,-238.823,213.202,2.0,3.464,0.0,0.0,0.0,0.0,1.0,0.0,0.0,0.0,0.0,2.0,3.0,1.0,0.0,6.0,0.0,29200.0,0.0,1.0,42.0,2011074.908,0.0,0.0,2011074.908,0.0,0.0,0.0,0.0,PortScan,PortScan,Benign,Benign,0.9946991205215454,0.9996616840362549,5.326989776222035e-05,0.04063155874609947,7.0
5810161.879,9.0,1732.888,65338.983,3607973.636,213.0,5.223,130.454,1460.0,11.008,635.517,924930.786,2083299.605,5452500.54,883411.205,6247012.764,1529906.765,2648533.483,6360103.19,905851.491,1286845.878,245273.765,834079.206,719841.588,1134501.435,0.0,0.0,159879992.415,10393890.054,256.941,475.619,298604.652,0.0,0.0,0.0,1.0,0.0,0.0,0.0,0.0,0.076,273.0,1241.935,394.0,1766.348,880835.545,8192.0,119.0,898.933,3367625.291,1164131.77,584432.466,1275332.654,518297.26,5853752.196,538312.622,5228125.602,5804977.566,Benign,Benign,-1.0,Bot,0.9999966621398926,0.7570199966430664,inf,inf,inf
2582327.999,32.0,0.0,1142930.994,0.0,291.0,0.0,165.13,2836.0,0.0,784.971,-12.0,0.0,-12.0,2221210.94,0.0,6110384.166,0.0,0.0,-0.0,1733639.985,0.0,2334974.992,0.0,0.0,0.0,0.0,4523930.633,5678020.516,490.241,742.597,2460150.933,0.0,0.0,0.0,1.0,0.0,0.0,0.0,0.0,0.0,498.842,1.0,856.0,0.0,9533049.215,29200.0,357.0,0.0,106.0,0.0,0.0,0.0,0.0,0.0,0.0,0.0,0.0,Benign,Benign,DoS,DoS,0.9999469518661499,0.5272429585456848,0.0002023249980993569,0.13706941902637482,29.0
-12.0,1.0,0.0,323777.003,0.0,0.0,0.0,0.0,0.0,0.0,0.0,4181899.994,75552.791,-12.0,2117100.985,97805.997,0.0,804508.558,0.0,-0.0,928606.018,0.0,561461.468,1084595.025,1028731.987,0.0,0.0,4523930.633,5678020.516,0.0,0.0,1234895.17,0.0,0.0,0.0,0.0,1.0,1.0,0.0,0.0,0.0,0.0,1.0,0.0,0.0,0.0,287.0,253.0,0.0,106.0,0.0,2702019.224,0.0,0.0,3965.311,0.0,367992.008,0.0,Benign,Benign,DoS,DoS,0.9886121153831482,0.5296791791915894,1.7148006008937955e-05,0.03601637855172157,13.0
-12.0,2.0,0.0,0.0,17000292.53,2.0,134.0,141.842,6.0,3.0,0.0,-12.0,0.0,-12.0,3621788.008,801202.99,0.0,0.0,0.0,7410093.165,1497340.053,0.0,0.0,0.0,0.0,0.0,0.0,-383727003.836,5678020.516,3.6,2.191,1165876.567,0.0,0.0,0.0,1.0,0.0,0.0,0.0,0.0,0.0,4.5,1.0,4.0,0.0,12426009.258,1024.0,0.0,0.0,106.0,0.0,0.0,0.0,0.0,2493023.649,2748170.461,1934266.984,2820615.917,Benign,PortScan,Bot,Bot,0.7225805521011353,0.5059328079223633,8.353590965270996e-05,0.12254691123962402,21.0
118516936.55,49.0,327.961,51828.384,6203680.796,276.0,15.852,106.261,4290.0,17.803,727.124,1108955.602,3260441.394,10068771.851,833517.864,118440520.763,2640353.814,4478647.098,10571398.437,850866.592,112372376.919,2078855.708,4073385.292,10944791.436,804343.745,0.0,0.0,15790187.935,5322176.252,728.517,820.366,702002.048,0.0,0.0,0.0,1.0,0.0,0.0,0.0,0.0,1.499,734.639,2027.345,820.0,1150.701,3433550.686,8192.0,351.0,1207.984,793417.833,699384.967,878877.17,2581742.555,602749.474,10343665.481,551365.632,10113588.274,10300025.94,Benign,Benign,-1.0,Web Attack,0.9999600648880005,0.9875747561454773,inf,inf,inf
11056556.934,10.0,2587.717,102758.764,5419427.639,2896.0,13.328,911.902,1713.0,6.699,729.387,936396.448,3099303.006,10665804.82,1037742.065,563963.335,1140848.771,691861.825,1180001.646,1133763.564,10463398.397,1187447.906,3555047.9,10772927.105,776487.775,0.0,0.0,163144461.039,7361427.709,441.571,797.288,688859.558,0.0,0.0,0.0,1.0,0.0,0.0,0.0,0.0,2.364,463.65,770.509,3295.0,1135.183,106680.571,29200.0,71.0,1831.789,5272520.89,853908.663,276339.852,1140020.918,762772.546,10925815.701,4634.704,10052703.023,10825827.42,Benign,Benign,-1.0,Web Attack,0.9999966621398926,0.7630279660224915,inf,inf,inf
-12.0,1.0,0.0,760903.022,0.0,46.0,286.0,0.0,62.0,0.0,0.0,4900456.268,0.0,-12.0,7768998.165,1459077.001,0.0,0.0,3321830.928,-0.0,0.0,0.0,0.0,0.0,1957787.946,0.0,0.0,4523930.633,-36605737.152,51.333,9.238,2393970.18,0.0,0.0,0.0,0.0,0.0,0.0,0.0,0.0,0.0,77.0,1.0,46.0,0.0,0.0,-1.0,-1.0,0.0,106.0,0.0,0.0,0.0,0.0,0.0,0.0,2825084.031,0.0,Benign,Benign,DDoS,DDoS,1.0,0.6589525938034058,0.00013177981600165367,0.18905805051326752,9.0
0.0,1.0,0.0,0.0,11594.999,2.0,2.0,75.132,6.0,0.0,0.0,765198.46,0.0,0.0,725785.977,94740.002,717539.638,0.0,0.0,-0.0,475919.992,697726.104,316647.973,772150.978,869551.99,0.0,0.0,-238.823,213.202,3.333,2.309,0.0,0.0,0.0,0.0,1.0,0.0,0.0,0.0,0.0,0.0,5.0,6.0,2.0,6.0,0.0,1024.0,0.0,0.0,10.0,1940363.552,0.0,1699528.974,1424746.01,0.0,255201.907,263068.993,0.0,PortScan,PortScan,Benign,Benign,0.7225608229637146,0.9999711513519287,0.0001990112359635532,0.03529537469148636,4.0
908744.979,1.0,6.0,168.0,11594.999,0.0,2.0,75.132,6.0,0.0,0.0,1264410.977,62099.497,53879.999,1301526.959,630942.006,436095.055,0.0,687004.98,204052.005,546499.975,1074544.34,566093.586,260255.998,1259944.998,0.0,0.0,-238.823,213.202,2.0,3.464,0.0,0.0,0.0,0.0,1.0,0.0,0.0,0.0,0.0,1.0,3.0,6.0,0.0,6.0,11594.999,29200.0,0.0,1.0,42.0,141174.153,0.0,0.0,510650.985,0.0,0.0,215925.006,0.0,PortScan,PortScan,Benign,Benign,0.9946988821029663,0.9794235825538635,0.00013010684051550925,0.024670274928212166,3.0
445123.99,2.0,0.0,638956.985,0.0,30.0,0.0,0.0,132.0,142.0,0.0,8178422.258,2873421.979,738579.992,1647288.999,928782.988,0.0,0.0,1542137.973,-0.0,560579.002,0.0,0.0,0.0,0.0,0.0,0.0,4523930.633,-15842642.632,70.8,55.868,1852449.942,0.0,0.0,0.0,0.0,0.0,0.0,0.0,0.0,0.0,88.5,596.0,60.0,0.0,0.0,-1.0,-1.0,16578.0,106.0,0.0,0.0,0.0,0.0,0.0,0.0,0.0,0.0,Benign,Benign,DoS,DoS,0.9999997615814209,0.5601688623428345,4.223408177495003e-05,0.1440437138080597,6.0
1226437.019,1.0,0.0,1038553.023,0.0,52.0,176.0,214.287,94.0,0.0,0.0,7553083.04,971791.94,-12.0,2090972.913,0.0,0.0,0.0,1986952.946,-0.0,0.0,0.0,0.0,0.0,1057650.0,0.0,0.0,-1218159748.908,-52963183.687,66.0,24.249,2580942.082,0.0,0.0,0.0,0.0,0.0,0.0,0.0,0.0,0.0,99.0,1.0,52.0,0.0,0.0,-1.0,-1.0,3490.0,106.0,5155656.226,0.0,2409255.914,1811259.091,0.0,0.0,7283238.173,0.0,Benign,Benign,DoS,DoS,1.0,0.5752589106559753,3.713718615472317e-05,0.20298780500888824,13.0
-12.0,1.0,0.0,489501.006,0.0,0.0,0.0,0.0,0.0,0.0,0.0,4715837.566,0.0,-12.0,3836735.793,122615.998,0.0,0.0,0.0,-0.0,638933.983,0.0,1015766.945,2982018.963,864051.003,0.0,0.0,4523930.633,5678020.516,0.0,0.0,1079327.857,0.0,0.0,0.0,0.0,1.0,1.0,0.0,0.0,0.0,0.0,1643.0,0.0,0.0,0.0,352.0,245.0,0.0,106.0,0.0,3577375.123,0.0,0.0,0.0,0.0,499741.975,270335.991,Benign,Benign,DoS,DoS,0.9890565276145935,0.532433032989502,0.0001706276962067932,0.036035727709531784,21.0
199140.004,1.0,0.0,551800.978,0.0,0.0,0.0,0.0,0.0,30.0,0.0,3273759.132,0.0,-12.0,4802543.045,62744.999,0.0,298276.743,1318818.033,-0.0,993785.039,0.0,0.0,787418.0,158064.002,0.0,0.0,4523930.633,5678020.516,0.0,0.0,1209840.274,0.0,0.0,0.0,0.0,1.0,1.0,0.0,0.0,0.0,0.0,2494.0,0.0,0.0,0.0,349.0,282.0,0.0,106.0,0.0,2740014.336,0.0,0.0,0.0,0.0,639172.979,0.0,Benign,Benign,DoS,DoS,0.9891781806945801,0.5378594398498535,3.5064847907051444e-05,0.02967609092593193,9.0
2628563.028,12.0,0.0,78761.002,0.0,194.0,17.0,274.924,1448.0,0.0,646.605,4810869.583,1445814.757,-12.0,1563894.975,1256822.012,0.0,14359.827,0.0,521169.986,1367349.029,4140616.804,975890.677,82927.002,0.0,0.0,0.0,4523930.633,1668627.319,259.667,480.929,96795.732,0.0,0.0,0.0,1.0,0.0,0.0,0.0,0.0,0.0,272.65,98.0,531.0,2328.0,0.0,29200.0,972.0,1435.0,106.0,257863.067,0.0,0.0,601817.016,0.0,0.0,0.0,0.0,Benign,Benign,DoS,DoS,0.9999841451644897,0.8842678666114807,0.00018659402849152684,0.07215021550655365,2.0
-12.0,1.0,0.0,1267982.955,0.0,62.0,0.0,0.0,78.0,207.0,0.0,10028371.52,1061438.05,-12.0,12130410.007,3171377.108,0.0,0.0,3983767.033,1651250.024,0.0,0.0,0.0,14054484.665,0.0,0.0,0.0,4523930.633,-25932146.639,67.333,9.238,2279982.758,0.0,0.0,0.0,0.0,0.0,0.0,0.0,0.0,0.0,101.0,1083.0,62.0,0.0,0.0,-1.0,-1.0,0.0,106.0,0.0,0.0,0.0,0.0,3665058.017,0.0,0.0,1020917.036,Benign,Benign,DoS,DoS,1.0,0.5014890432357788,0.00029624556191265583,0.2394465208053589,35.0
219157.415,3.0,1143.634,76532.525,1790300.794,441.0,10.291,290.472,859.0,19.015,429.5,444722.868,372718.567,1169446.686,730381.831,907186.009,362200.42,73675.16,1018052.325,67669.29,456903.828,1022742.502,834129.287,1140243.597,165519.677,0.0,0.0,41314492.018,7127715.889,162.5,320.961,288152.415,0.0,0.0,0.0,1.0,0.0,0.0,0.0,0.0,2.519,185.714,875.39,441.0,2861.539,4407646.462,29200.0,31.0,1752.483,3414217.281,821269.378,164866.192,1040407.438,52554.76,839503.594,618502.511,321506.811,345573.798,Benign,Benign,-1.0,Web Attack,0.9999737739562988,0.7812851071357727,inf,inf,inf
40768101.489,2.0,0.0,1020322.982,0.0,56.0,301.0,0.0,117.0,256.0,40.305,23099613.421,32007433.245,47013744.554,-13.0,50984437.466,45090132.952,0.0,55017285.347,48953790.713,37490708.828,58487073.183,0.0,51309932.47,52921568.155,0.0,0.0,4523930.633,5678020.516,64.2,30.368,2610958.791,0.0,0.0,0.0,0.0,0.0,0.0,0.0,0.0,0.0,80.25,1.0,100.0,0.0,0.0,-1.0,-1.0,0.0,106.0,4389181.249,0.0,0.0,0.0,56715602.875,0.0,62067160.606,51020282.507,Benign,Benign,PortScan,PortScan,1.0,0.48262304067611694,0.0002470657927915454,0.2930797338485718,68.0
-12.0,2.0,0.0,535679.982,0.0,34.0,0.0,0.0,190.0,377.0,0.0,3173939.372,2722004.006,-12.0,-13.0,0.0,0.0,0.0,0.0,-0.0,0.0,0.0,0.0,0.0,0.0,0.0,0.0,4523930.633,-20118179.025,96.4,85.445,1821154.332,0.0,0.0,0.0,0.0,0.0,0.0,0.0,0.0,0.0,120.5,4491.0,68.0,0.0,0.0,-1.0,-1.0,23112.0,106.0,7962682.545,0.0,7071123.272,0.0,0.0,0.0,0.0,0.0,Benign,Benign,DoS,DoS,1.0,0.5501638650894165,0.00025826157070696354,0.03538661077618599,18.0
-12.0,1.0,0.0,0.0,0.0,0.0,0.0,0.0,0.0,0.0,0.0,-12.0,0.0,-12.0,14005445.095,2556041.032,0.0,0.0,10919378.4,-0.0,0.0,0.0,0.0,0.0,7183340.192,0.0,0.0,4523930.633,5678020.516,0.0,0.0,5498155.88,0.0,0.0,0.0,0.0,1.0,1.0,0.0,0.0,0.0,0.0,27587.0,0.0,24281.001,0.0,122.0,33304.0,72421.997,106.0,23220825.94,971484.312,567175.024,0.0,0.0,0.0,29858420.491,0.0,Benign,Benign,DoS,DoS,0.999994158744812,0.4748384952545166,0.0003270352026447654,0.5779322385787964,2129.0
-12.0,1.0,33630.001,0.0,0.0,0.0,0.0,0.0,0.0,0.0,0.0,-12.0,0.0,-12.0,-13.0,1481810.957,0.0,0.0,0.0,-0.0,654833.0,7360678.464,7466890.28,5295035.988,2582450.062,0.0,0.0,4523930.633,5678020.516,0.0,0.0,0.0,0.0,0.0,0.0,0.0,1.0,1.0,0.0,0.0,0.0,0.0,1.0,0.0,0.0,0.0,939.0,259.0,0.0,106.0,0.0,1858678.303,0.0,0.0,3763018.101,0.0,4150194.973,0.0,Benign,Benign,DoS,DoS,0.9896417260169983,0.5135383605957031,1.7820326320361346e-05,0.17665940523147583,19.0
-12.0,4.0,68299.999,733094.988,0.0,32.0,0.0,0.0,48.0,177.0,0.0,10107497.589,0.0,-12.0,16625469.188,0.0,0.0,0.0,2282611.951,-0.0,0.0,18589079.976,0.0,0.0,1846387.982,0.0,0.0,4523930.633,-36648142.463,39.111,8.433,0.0,0.0,0.0,0.0,0.0,0.0,0.0,0.0,0.0,0.0,44.0,69348.001,128.0,80663.003,0.0,-1.0,-1.0,0.0,106.0,5366852.917,0.0,2110465.057,4393415.935,0.0,0.0,4064898.044,0.0,Benign,Benign,DoS,DoS,1.0,0.5318677425384521,7.284944877028465e-05,0.5384395122528076,36.0
483048.976,2.0,0.0,57667.998,0.0,30.0,0.0,0.0,172.0,287.0,0.0,1637891.412,4892141.477,-12.0,-13.0,0.0,0.0,0.0,3891305.923,-0.0,1151604.988,0.0,0.0,0.0,0.0,0.0,0.0,4523930.633,-16572284.243,86.8,77.777,1612845.325,0.0,0.0,0.0,0.0,0.0,0.0,0.0,0.0,0.0,108.5,1.0,60.0,0.0,0.0,-1.0,-1.0,16571.001,106.0,5170605.481,70647.338,4206193.946,1197559.014,0.0,0.0,0.0,0.0,Benign,Benign,DoS,DoS,0.9999998807907104,0.6915820240974426,0.0001648211618885398,0.15150520205497742,16.0
1137497.978,2.0,333.0,364018.99,0.0,6.0,164.0,0.0,0.0,0.0,0.0,2985384.975,5175476.886,6702685.003,3618458.045,499053.989,0.0,0.0,4701688.886,-0.0,0.0,1300996.765,0.0,25841.001,605059.974,0.0,0.0,4523930.633,5678020.516,6.0,0.0,401821.697,0.0,0.0,0.0,0.0,1.0,0.0,0.0,0.0,0.0,9.0,11704.0,12.0,1306.0,0.0,256.0,-1.0,15411.0,106.0,1447511.856,3649947.18,966426.022,0.0,0.0,0.0,0.0,0.0,Benign,Benign,DDoS,DDoS,0.9750100374221802,0.9999915361404419,0.0003189468407072127,0.1632654070854187,136.0
419108.349,2.0,1145.273,125143.796,4329083.37,847.0,22.35,638.588,0.0,0.599,0.0,558073.061,483971.671,752881.755,261311.783,1152320.355,1334000.006,770349.91,710995.495,1338849.532,971002.579,1193982.214,782356.494,769177.303,95994.968,1.0,0.0,253992702.549,7867846.218,566.667,485.552,373204.47,0.0,1.0,0.0,0.0,1.0,1.0,0.0,0.0,0.826,850.0,2052.319,853.0,938.988,2814800.756,35313.0,-1.0,1260.943,3136329.34,71273.34,166486.909,14660.162,296639.886,26282.358,432486.351,988128.036,1164772.399,Benign,Benign,-1.0,DoS,1.0,0.9935157299041748,inf,inf,inf
10374716.988,4.0,2120.467,39573.774,5201514.63,499.0,18.83,277.618,253.0,2.715,124.532,2199859.747,4360056.003,10235296.816,555426.457,822694.246,509424.47,260517.587,230298.489,358788.198,10530487.597,3703584.82,6162836.945,10726123.452,711193.588,0.0,0.0,51745429.407,5737606.734,86.222,175.444,230399.653,0.0,0.0,0.0,1.0,0.0,0.0,0.0,0.0,1.688,97.0,758.197,511.0,1824.483,2149733.217,8192.0,946.0,1801.27,835721.824,350252.092,542210.565,485718.828,324883.773,421760.688,302603.929,594632.551,590852.927,Benign,Benign,-1.0,Bot,0.999908447265625,0.9170857667922974,inf,inf,inf
129036.581,2.0,1582.873,76681.38,4942075.342,30.0,49.26,43.045,136.0,149.727,0.0,567760.363,851251.37,371234.635,445233.838,232736.631,209371.517,204032.381,162187.954,46863.77,1144772.172,650576.781,821904.522,13878.472,131290.052,0.0,0.0,137140088.041,5324621.475,72.4,58.059,53871.659,0.0,0.0,0.0,0.0,0.0,0.0,0.0,0.0,1.499,90.5,2159.042,60.0,1026.981,285379.269,-1.0,-1.0,1592.645,4825480.984,439269.431,189447.224,705884.262,373578.391,47761.129,685477.46,773530.696,1023177.914,Benign,Benign,-1.0,Web Attack,0.9999997615814209,0.9235719442367554,inf,inf,inf
224621.411,2.0,2733.655,120036.654,5992608.968,33.0,48.522,43.745,97.0,120.17,0.0,305030.837,180656.595,957346.068,420729.621,409887.582,87564.457,451724.618,472244.192,535644.472,622147.769,588763.207,84089.109,291756.978,372567.996,0.0,0.0,111803970.973,1578733.208,58.6,35.054,220490.256,0.0,0.0,0.0,0.0,0.0,0.0,0.0,0.0,1.14,73.25,2048.477,66.0,309.012,2665277.276,-1.0,-1.0,280.147,3065993.355,1053407.565,511005.246,284789.531,178183.211,228593.946,40359.947,281901.732,528973.471,Benign,Benign,-1.0,PortScan,0.9999996423721313,0.9976916313171387,inf,inf,inf
1186877.338,2.0,2569.414,101898.341,4047791.004,38.0,47.34,30.32,92.0,109.346,0.0,83772.283,355699.232,635242.961,381725.631,673410.036,1123815.291,254272.229,996702.276,161017.242,76989.261,823220.797,341963.409,343325.38,352505.324,0.0,0.0,220099837.137,1107641.733,59.6,29.577,207089.54,0.0,0.0,0.0,0.0,0.0,0.0,0.0,0.0,1.484,74.5,1104.685,76.0,76.584,5345286.867,-1.0,-1.0,1509.225,5260936.893,620470.033,282676.286,218526.793,8687.246,734221.581,755863.895,916659.404,133217.806,Benign,Benign,-1.0,DoS,1.0,0.8691627979278564,inf,inf,inf
-12.0,1.0,2144.0,1267982.955,0.0,58.0,0.0,110.545,186.0,339.0,0.0,-12.0,0.0,16373506.883,10345885.18,3768347.204,0.0,622558.281,1328434.981,-0.0,0.0,555892.233,0.0,9850444.794,0.0,0.0,0.0,4523930.633,-80065196.544,100.667,73.901,1882400.56,0.0,0.0,0.0,0.0,0.0,0.0,0.0,0.0,0.0,151.0,1.0,58.0,240.0,0.0,-1.0,-1.0,0.0,106.0,0.0,0.0,859723.007,0.0,6790531.129,0.0,0.0,4070501.179,Benign,Benign,DoS,DoS,1.0,0.5249036550521851,6.145448423922062e-05,0.2531648576259613,32.0
54015404.282,2.0,0.0,1194083.983,81532040.786,56.0,131.0,0.0,72.0,277.0,1.414,28264813.618,42624307.5,61309333.642,20118161.708,69591121.674,62384819.984,0.0,74838037.491,70970809.325,48561480.045,79931952.953,0.0,67006030.083,69507393.837,0.0,0.0,4523930.633,5678020.516,59.2,12.215,0.0,0.0,0.0,0.0,0.0,0.0,0.0,0.0,0.0,0.0,74.0,1.0,98.0,0.0,0.0,-1.0,-1.0,0.0,106.0,5645621.829,0.0,0.0,0.0,78253591.061,0.0,85195891.857,72080090.046,Benign,Benign,PortScan,PortScan,1.0,0.4380122423171997,0.00022664025891572237,0.39642974734306335,66.0
1126117.252,6.0,859.601,124782.076,1566340.326,523.0,21.956,253.702,287.0,4.276,114.468,156649.034,475933.137,520837.793,539326.216,1127584.8,1131542.064,783469.038,438543.633,657093.009,1343284.92,582033.433,92120.714,499330.033,1160618.104,0.0,0.0,43323100.359,430508.065,97.769,158.316,37176.012,0.0,0.0,0.0,1.0,0.0,0.0,0.0,0.0,2.28,105.917,1364.393,802.0,356.736,4521798.711,29200.0,31088.0,1081.53,4501321.053,405058.684,467525.65,474500.842,598329.515,1113563.329,743545.692,1089487.597,633471.888,Benign,Benign,-1.0,Web Attack,0.9998188614845276,0.634543240070343,inf,inf,inf
573335.996,1.0,0.0,0.0,0.0,2.0,2.0,75.132,6.0,0.0,0.0,3413492.402,1509085.118,1368584.969,2011075.038,0.0,388327.427,764956.24,392123.004,-0.0,339067.01,1929262.429,0.0,362465.987,0.0,0.0,0.0,-238.823,213.202,3.333,2.309,0.0,0.0,0.0,0.0,1.0,0.0,0.0,0.0,0.0,2.0,5.0,1.0,2.0,6.0,0.0,1024.0,0.0,1.0,10.0,2011074.908,0.0,1813538.093,1851022.076,0.0,255201.907,0.0,0.0,PortScan,PortScan,Benign,Benign,0.7225606441497803,0.9988752007484436,0.00028177397325634956,0.030507128685712814,3.0
2343110.919,3.0,0.0,1209624.027,0.0,576.0,160.0,391.884,6.0,428.0,3.464,-12.0,0.0,-12.0,15061662.471,0.0,0.0,0.0,0.0,-0.0,0.0,0.0,0.0,0.0,0.0,0.0,0.0,4523930.633,-13017316.397,84.857,216.594,0.0,0.0,0.0,0.0,1.0,0.0,0.0,0.0,0.0,0.0,99.0,1.0,582.0,0.0,0.0,8192.0,4956.0,0.0,-7816564.355,0.0,0.0,0.0,0.0,0.0,0.0,0.0,0.0,Benign,Benign,Patator,Patator,0.9999560117721558,0.48071205615997314,0.0003179791965521872,0.22400830686092377,28.0
1627577.954,1.0,0.0,646740.991,0.0,48.0,0.0,0.0,48.0,210.0,0.0,5400692.327,0.0,-12.0,16023592.143,0.0,0.0,0.0,0.0,-0.0,2334035.933,0.0,0.0,4149163.216,3861410.022,0.0,0.0,4523930.633,5678020.516,48.0,0.0,1182425.177,0.0,0.0,0.0,0.0,0.0,0.0,0.0,0.0,0.0,72.0,1.0,48.0,3134.0,0.0,-1.0,-1.0,0.0,106.0,1043963.73,2373753.298,856778.007,0.0,683490.392,0.0,6524756.849,0.0,Benign,Benign,DoS,DoS,1.0,0.5011006593704224,0.00030754192266613245,0.18602921068668365,51.0
2444653.997,2.0,0.0,302688.001,0.0,41.0,0.0,0.0,105.0,273.0,0.0,15994736.014,0.0,-12.0,19186378.281,0.0,0.0,0.0,0.0,-0.0,0.0,9353654.087,0.0,0.0,3400344.104,0.0,0.0,4523930.633,5678020.516,66.6,35.054,919129.932,0.0,0.0,0.0,0.0,0.0,0.0,0.0,0.0,0.0,83.25,18435.0,82.0,13732.0,0.0,-1.0,-1.0,0.0,-2126261.552,1854262.426,2303935.179,3500549.868,0.0,0.0,0.0,0.0,0.0,Benign,Benign,DoS,DoS,1.0,0.5000343322753906,0.00021120443125255406,0.2610021233558655,33.0
422014.997,1.0,0.0,0.0,0.0,2.0,2.0,75.132,6.0,0.0,0.0,934779.691,126337.715,0.0,496519.999,0.0,443540.42,0.0,635499.023,-0.0,632878.002,889207.497,80013.565,846095.011,1051868.051,0.0,0.0,-238.823,213.202,3.333,2.309,0.0,0.0,0.0,0.0,1.0,0.0,0.0,0.0,0.0,2.0,5.0,6.0,2.0,6.0,0.0,1024.0,0.0,0.0,42.0,1927635.93,0.0,1087020.03,1380815.953,0.0,226357.241,347567.992,0.0,PortScan,PortScan,Benign,Benign,0.7225608229637146,0.7669917345046997,0.0003211108560208231,0.03286629170179367,5.0
-12.0,1.0,0.0,644314.007,0.0,47.0,0.0,0.0,79.0,0.0,0.0,5441932.636,5349801.806,1043611.954,-13.0,0.0,0.0,0.0,4665944.874,-0.0,0.0,0.0,0.0,0.0,0.0,0.0,0.0,4523930.633,5678020.516,57.667,18.475,2561127.71,0.0,0.0,0.0,0.0,0.0,0.0,0.0,0.0,0.0,86.5,4996.0,47.0,0.0,0.0,-1.0,-1.0,21978.0,106.0,851244.67,0.0,0.0,1772101.969,0.0,0.0,0.0,0.0,Benign,Benign,DoS,DoS,1.0,0.5486188530921936,0.0003584696678444743,0.1849437952041626,11.0
1131914.959,2.0,0.0,0.0,10643186.638,2.0,15.0,307.08,6.0,95.0,0.0,-12.0,0.0,-12.0,4049055.013,902107.023,1120757.796,0.0,0.0,3894110.185,1960163.042,0.0,752542.144,786096.007,0.0,0.0,0.0,4523930.633,5678020.516,3.6,2.191,562293.953,0.0,0.0,0.0,1.0,0.0,0.0,0.0,0.0,0.0,4.5,1.0,4.0,0.0,7415257.177,1024.0,0.0,1075.0,106.0,0.0,1102519.158,0.0,0.0,386219.658,1280249.686,2432827.95,709386.002,Benign,PortScan,Bot,Bot,0.7225804328918457,0.5583228468894958,0.0002688682870939374,0.0836089476943016,4.0
100412825.127,8.0,0.0,0.0,13042.999,363.0,691.0,0.0,11595.0,535.0,5797.5,0.0,13786759.416,88351067.452,-5.0,101321082.115,39411116.838,33334708.395,86823949.814,-1.0,17427906.99,0.0,0.0,8099305.63,0.0,0.0,0.0,-238.823,341.898,919.846,3209.053,15709634.59,0.0,0.0,0.0,0.0,1.0,0.0,0.0,0.0,0.0,996.5,1.0,363.0,10.0,0.0,251.0,235.0,0.0,42.0,0.0,0.0,0.0,9418959.022,96078622.341,3005984.338,97507174.015,95330715.179,DoS,DoS,Benign,Benign,1.0,0.7900726795196533,0.00023761868942528963,0.5685897469520569,135.0
-12.0,1.0,7127.0,305068.996,0.0,6.0,220.0,0.0,6.0,294.0,0.0,-12.0,0.0,-12.0,-13.0,0.0,0.0,0.0,0.0,-0.0,0.0,2049086.094,901755.176,0.0,0.0,0.0,0.0,4523930.633,-40519.062,6.0,0.0,0.0,0.0,0.0,0.0,0.0,1.0,1.0,0.0,0.0,0.0,9.0,1.0,6.0,17212.0,0.0,946.0,256.0,53704.0,106.0,0.0,0.0,1864056.01,0.0,0.0,0.0,2270999.998,0.0,Benign,Benign,DDoS,DDoS,0.9870714545249939,0.5298658013343811,9.375973604619503e-05,0.2916082739830017,15.0
-12.0,2.0,0.0,341430.008,0.0,2.0,0.0,0.0,0.0,167.0,0.0,-12.0,0.0,-12.0,-13.0,0.0,0.0,7332696.942,11492305.398,-0.0,0.0,0.0,0.0,0.0,0.0,0.0,0.0,4523930.633,5678020.516,2.0,0.0,0.0,0.0,0.0,0.0,1.0,0.0,0.0,0.0,0.0,0.0,3.0,1.0,4.0,0.0,0.0,1024.0,-1.0,0.0,106.0,0.0,0.0,0.0,303514.004,0.0,0.0,0.0,0.0,Benign,Benign,PortScan,PortScan,0.9999982118606567,0.6991575956344604,5.851616151630878e-07,0.14839300513267517,11.0
1263389.034,2.0,0.0,0.0,0.0,1185.0,1081.0,0.0,0.0,44.0,0.0,2917681.318,0.0,-12.0,711084.005,4173202.962,0.0,0.0,5119525.194,-0.0,0.0,8776318.431,2233975.764,0.0,4169704.02,1.0,0.0,4523930.633,5678020.516,1185.0,0.0,694772.327,0.0,1.0,0.0,0.0,1.0,1.0,0.0,0.0,0.0,1777.5,1.0,2370.0,0.0,0.0,237.0,-1.0,0.0,106.0,6449479.982,120198.057,4428860.024,8352282.718,2767891.288,1424658.35,4511394.203,339979.995,Benign,Benign,DoS,DoS,0.9932113885879517,0.5090422034263611,0.00011990999337285757,0.15846362709999084,30.0
-12.0,3.0,0.0,456250.986,0.0,0.0,41.0,0.0,0.0,0.0,0.0,5560004.83,7410321.3,3269012.069,-13.0,0.0,0.0,4501225.595,3780605.793,-0.0,0.0,6824623.346,896095.843,0.0,3953394.145,0.0,0.0,-76452173.705,4246728.661,0.0,0.0,0.0,1.0,0.0,0.0,0.0,0.0,0.0,0.0,0.0,0.0,0.0,7153.0,0.0,274.0,0.0,0.0,0.0,11861.0,106.0,0.0,0.0,0.0,0.0,0.0,0.0,0.0,0.0,Benign,Benign,DoS,DoS,0.9124631881713867,0.929733395576477,0.00033679569605737925,0.16195419430732727,2.0
-12.0,1.0,0.0,1267982.955,0.0,0.0,0.0,0.0,0.0,0.0,0.0,-12.0,0.0,-12.0,17541524.139,0.0,0.0,0.0,18621990.681,-0.0,0.0,0.0,0.0,0.0,0.0,0.0,0.0,4523930.633,-17088226.251,0.0,0.0,1439672.303,0.0,0.0,0.0,0.0,1.0,0.0,0.0,0.0,0.0,0.0,10802.0,0.0,36787.001,0.0,122.0,33304.0,16045.001,106.0,2996784.654,7580409.604,4591724.984,0.0,0.0,0.0,17952260.971,0.0,Benign,Benign,DoS,DoS,0.9999998807907104,0.49244195222854614,0.00010568555444478989,0.34638890624046326,663.0
4345441.823,2.0,8230.0,948911.979,0.0,31.0,0.0,0.0,6.0,98.0,0.0,-12.0,0.0,622507.999,-13.0,1360414.959,1746159.531,3917386.164,2024650.946,211834.994,0.0,0.0,0.0,5690758.824,849979.017,1.0,0.0,4523930.633,5678020.516,17.0,16.35,0.0,0.0,1.0,0.0,0.0,1.0,0.0,0.0,0.0,0.0,22.667,3614.0,31.0,0.0,0.0,1120.0,0.0,0.0,106.0,0.0,0.0,0.0,0.0,4955274.761,0.0,0.0,400637.006,Benign,Benign,Patator,Patator,0.9999513626098633,0.5822222232818604,0.00033381569664925337,0.1312873363494873,18.0
671610.411,10.0,357.97,130034.276,4808530.692,1077.0,6.192,362.21,1029.0,15.633,448.75,391616.437,809695.569,406778.575,534446.328,1248997.673,637312.029,155658.382,391067.611,685432.897,1106002.852,171920.825,97212.8,1270068.102,887944.512,0.0,0.0,186690881.191,1204549.773,155.938,353.741,147619.44,0.0,0.0,0.0,1.0,0.0,0.0,0.0,0.0,1.074,166.333,1279.217,1328.0,328.091,6025176.457,65535.0,118.0,359.57,1938761.592,523658.898,16195.444,649114.968,105698.492,602744.948,490564.251,264606.29,588048.119,Benign,Benign,-1.0,Web Attack,0.9999998807907104,0.76275235414505,inf,inf,inf
-12.0,3.0,0.0,0.0,0.0,0.0,0.0,0.0,0.0,0.0,0.0,8196775.722,0.0,-12.0,-13.0,0.0,0.0,0.0,0.0,-0.0,0.0,0.0,0.0,0.0,30160574.913,0.0,0.0,4523930.633,5678020.516,0.0,0.0,11754825.783,0.0,0.0,0.0,0.0,1.0,0.0,0.0,0.0,0.0,0.0,1.0,0.0,0.0,0.0,65535.0,-1.0,160933.004,106.0,0.0,0.0,0.0,0.0,0.0,0.0,0.0,0.0,Benign,Benign,DoS,DoS,1.0,0.49633321166038513,5.5324286222457886e-05,0.9518383145332336,839.0
319930.001,1.0,0.0,0.0,0.0,0.0,0.0,75.132,6.0,0.0,0.0,10470246.728,0.0,2893806.079,2011075.038,0.0,0.0,0.0,0.0,-0.0,0.0,4366212.487,0.0,762809.012,3783110.976,0.0,0.0,-238.823,213.202,2.0,3.464,0.0,0.0,0.0,0.0,1.0,0.0,0.0,0.0,0.0,0.0,3.0,1.0,0.0,0.0,0.0,29200.0,0.0,0.0,42.0,1982742.995,0.0,1217136.96,1527563.985,0.0,255201.907,0.0,0.0,PortScan,PortScan,Benign,Benign,0.9947000741958618,0.9216156005859375,0.0001338247675448656,0.10792724043130875,24.0
-12.0,1.0,0.0,48854.0,10752744.424,6.0,0.0,0.0,6.0,60.0,0.0,-12.0,0.0,-12.0,2328105.028,0.0,0.0,0.0,0.0,3133153.107,1642506.011,0.0,1474764.487,1552634.016,0.0,0.0,0.0,4523930.633,5678020.516,6.0,0.0,723495.448,0.0,0.0,0.0,0.0,1.0,1.0,0.0,0.0,0.0,9.0,1.0,6.0,0.0,0.0,62.0,255.0,0.0,106.0,0.0,0.0,0.0,0.0,1469335.78,1437059.559,2547132.969,0.0,Benign,Benign,DoS,DoS,0.9869547486305237,0.6379585862159729,5.8175617596134543e-05,0.06967633217573166,5.0
736432.982,2.0,0.0,790117.999,0.0,33.0,0.0,0.0,83.0,252.0,0.0,12445903.988,0.0,1287828.005,19555813.277,0.0,0.0,0.0,0.0,-0.0,0.0,6440314.204,2708003.64,573777.985,4763110.131,0.0,0.0,4523930.633,5678020.516,53.0,27.386,0.0,0.0,0.0,0.0,0.0,0.0,0.0,0.0,0.0,0.0,66.25,3015.0,66.0,0.0,0.0,-1.0,-1.0,0.0,106.0,1207710.234,5872766.82,2946273.088,0.0,0.0,0.0,0.0,0.0,Benign,Benign,DoS,DoS,0.9999998807907104,0.5180129408836365,9.518035221844912e-05,0.24019140005111694,61.0
-12.0,1.0,0.0,774186.008,5156472.837,50.0,215.0,0.0,141.0,0.0,0.0,4437385.348,2761350.995,-12.0,3373663.081,1325839.944,0.0,0.0,4135323.018,-0.0,0.0,0.0,0.0,0.0,0.0,0.0,0.0,4523930.633,5678020.516,80.333,52.539,2863219.738,0.0,0.0,0.0,0.0,0.0,0.0,0.0,0.0,0.0,120.5,3095.0,50.0,0.0,0.0,-1.0,-1.0,11335.0,106.0,0.0,0.0,0.0,0.0,0.0,0.0,5005718.172,0.0,Benign,Benign,DDoS,DDoS,1.0,0.9975758194923401,0.00016225583385676146,0.032784659415483475,6.0
2117745.438,7.0,2436.822,55204.473,5256091.468,1200.0,20.774,495.34,993.0,18.502,397.995,471088.454,1237773.55,2748565.34,1128350.784,853233.933,977392.495,461926.608,970264.412,1033000.225,2101784.796,1582812.555,1154868.056,2073619.142,221716.552,0.0,0.0,117603203.468,7571588.173,207.0,403.334,192559.606,0.0,0.0,0.0,1.0,0.0,0.0,0.0,0.0,0.819,222.923,2008.046,1768.0,1858.37,2735752.672,29200.0,8.0,1397.494,1085897.771,253851.456,737497.642,334945.84,757621.69,788910.761,278707.274,135579.798,963181.816,Benign,Benign,-1.0,Web Attack,0.9994569420814514,0.8518616557121277,inf,inf,inf
244405.582,2.0,2580.838,103732.624,6164893.553,29.0,51.478,66.723,119.0,146.3,0.0,727069.234,624499.509,112165.382,410089.464,615375.191,109272.399,498761.605,321664.279,1186443.383,1034315.675,113323.324,131587.704,1115462.109,586605.314,0.0,0.0,39025523.43,4819103.837,65.0,49.295,183235.335,0.0,0.0,0.0,0.0,0.0,0.0,0.0,0.0,2.341,81.25,1983.199,58.0,926.993,4465084.424,-1.0,-1.0,1709.513,2765897.418,825613.681,448383.942,801906.926,701128.282,227541.444,368137.552,508852.992,960548.11,Benign,Benign,-1.0,Web Attack,0.9999998807907104,0.7950859665870667,inf,inf,inf
5695041.01,2.0,1003.0,108643.997,0.0,6.0,0.0,0.0,0.0,9.0,0.0,4733311.266,0.0,5312313.977,7891706.56,6284438.968,1724081.71,0.0,6983499.08,4935343.829,1103903.018,1697446.816,854895.372,0.0,1768838.055,0.0,0.0,4523930.633,5678020.516,6.0,0.0,371259.165,0.0,0.0,0.0,0.0,1.0,0.0,0.0,0.0,0.0,9.0,1433.0,12.0,0.0,0.0,253.0,-1.0,0.0,106.0,0.0,2907595.733,848102.001,0.0,1905458.942,447743.642,2307284.027,2119665.965,Benign,Benign,DoS,DoS,0.9894969463348389,0.9575579762458801,0.00034155164030380547,0.07762103527784348,5.0
59267.003,1.0,0.0,0.0,0.0,2.0,2.0,75.132,6.0,0.0,0.0,1041464.398,206925.093,129898.006,2011075.038,0.0,1071964.391,0.0,0.0,-0.0,0.0,1930920.482,228393.604,119170.994,526615.977,0.0,0.0,-238.823,213.202,3.333,2.309,0.0,0.0,0.0,0.0,1.0,0.0,0.0,0.0,0.0,0.0,5.0,1.0,2.0,6.0,0.0,1024.0,0.0,1.0,10.0,2011074.908,0.0,2011074.908,1718144.957,0.0,0.0,0.0,0.0,PortScan,PortScan,Benign,Benign,0.7225607633590698,0.9999995231628418,7.685285527259111e-05,0.04241282492876053,17.0
1647295.992,5.0,10.0,5720.0,13042.999,0.0,0.0,809.524,0.0,0.0,0.0,20712.77,0.0,0.0,4178863.215,1322703.995,6858982.444,0.0,0.0,5040127.017,389203.001,823299.363,1334433.202,3597268.09,0.0,0.0,0.0,-238.823,20.158,0.0,0.0,0.0,0.0,0.0,0.0,0.0,1.0,0.0,0.0,0.0,0.0,0.0,1.0,0.0,10.0,13042.999,274.0,-1.0,0.0,42.0,0.0,0.0,0.0,185417.002,1657612.771,1560624.745,1670071.967,1607691.05,DoS,Benign,Benign,Benign,0.5019451379776001,1.0,0.0003185609821230173,0.1505838930606842,4.0
-12.0,1.0,0.0,453873.019,0.0,0.0,0.0,0.0,0.0,0.0,0.0,5727782.387,0.0,-12.0,6288508.918,625243.988,0.0,0.0,0.0,507765.98,620698.985,0.0,259339.204,2421676.889,0.0,0.0,0.0,4523930.633,5678020.516,0.0,0.0,1152845.311,0.0,0.0,0.0,0.0,1.0,1.0,0.0,0.0,0.0,0.0,405.0,0.0,0.0,0.0,274.0,939.0,0.0,106.0,0.0,3616001.57,0.0,0.0,956310.108,0.0,1635055.952,583532.006,Benign,Benign,DoS,DoS,0.9895687699317932,0.5195702314376831,0.00018787270528264344,0.1071370542049408,9.0
376059.002,2.0,0.0,570629.991,0.0,35.0,0.0,0.0,96.0,207.0,0.0,15528469.689,699790.039,4604350.195,20497908.905,0.0,0.0,0.0,0.0,-0.0,0.0,8764764.369,0.0,1406129.971,3845593.035,0.0,0.0,4523930.633,-11520067.875,59.4,33.411,495760.137,0.0,0.0,0.0,0.0,0.0,0.0,0.0,0.0,0.0,74.25,1.0,70.0,0.0,0.0,-1.0,-1.0,0.0,106.0,3160741.068,3512689.506,2244648.971,0.0,0.0,0.0,0.0,0.0,Benign,Benign,DoS,DoS,0.9999997615814209,0.514035165309906,7.811386603862047e-05,0.242439866065979,33.0
761070.248,1.0,2659.906,121278.956,2751991.244,37.0,57.717,23.918,208.0,217.179,0.0,224215.256,498861.723,754765.728,1080984.644,432605.39,531251.84,597308.478,819586.124,1096614.965,33742.689,314653.572,416491.068,263262.587,624961.127,0.0,0.0,100432098.51,6179098.143,94.0,98.727,132112.399,0.0,0.0,0.0,0.0,0.0,0.0,0.0,0.0,1.316,141.0,1892.828,37.0,2348.382,1241744.771,-1.0,-1.0,67.888,565129.881,22585.738,380899.677,375426.917,956593.305,514246.859,183085.505,1116318.181,512457.825,Benign,Benign,-1.0,Patator,1.0,0.9531604647636414,inf,inf,inf
110448915.467,20.0,1993.46,10227.859,5867495.385,4653.0,1.416,1298.336,1460.0,13.356,415.805,3098678.144,5156772.116,10676213.58,657149.19,111133546.829,6653695.554,5230182.118,11052403.45,941568.069,111139054.298,5471462.309,5478429.993,11056929.231,92511.596,0.0,0.0,268863317.266,1973186.252,296.705,886.48,894923.27,0.0,0.0,0.0,1.0,0.0,0.0,0.0,0.0,1.217,303.605,862.58,9613.0,2716.543,667481.212,8192.0,48180.0,753.43,2748105.422,1236998.374,685061.631,1535540.596,513691.106,9964640.737,1112626.821,10340363.681,9508844.912,Benign,Benign,-1.0,Others,1.0,0.9991446733474731,inf,inf,inf
-12.0,2.0,0.0,1267982.955,0.0,32.0,0.0,0.0,79.0,100.0,0.0,13472538.375,10012219.58,-12.0,-13.0,0.0,0.0,0.0,12538096.905,-0.0,8852945.566,10238031.149,0.0,0.0,0.0,0.0,0.0,4523930.633,-48822198.896,50.8,25.743,1346322.119,0.0,0.0,0.0,0.0,0.0,0.0,0.0,0.0,0.0,63.5,65835.003,64.0,0.0,0.0,-1.0,-1.0,0.0,106.0,0.0,0.0,0.0,0.0,0.0,0.0,0.0,0.0,Benign,Benign,DoS,DoS,0.9999998807907104,0.5133664011955261,0.0002731042914092541,0.3912898898124695,51.0
1100370.502,2.0,508.744,43212.584,3526162.403,32.0,51.182,23.397,121.0,139.718,0.0,658672.338,626196.791,228668.03,390511.068,449366.821,898604.169,755115.278,291347.383,209988.796,769544.095,1133100.092,219925.833,693929.661,846578.144,0.0,0.0,3673248.516,8111338.929,67.6,48.747,50049.1,0.0,0.0,0.0,0.0,0.0,0.0,0.0,0.0,1.113,84.5,1136.622,64.0,470.686,6058188.344,-1.0,-1.0,1459.325,2899465.39,1033145.078,422171.811,127593.89,470017.726,762018.04,419389.402,114358.091,47616.576,Benign,Benign,-1.0,Patator,0.9999997615814209,0.9717106223106384,inf,inf,inf
1018299.033,1.0,0.0,796176.017,16387346.647,46.0,0.0,184.715,62.0,281.0,0.0,3456065.323,0.0,-12.0,14166233.709,0.0,0.0,0.0,0.0,-0.0,0.0,5043166.727,4420887.783,0.0,0.0,0.0,0.0,-294209513.359,-7031217.968,51.333,9.238,648647.565,0.0,0.0,0.0,0.0,0.0,0.0,0.0,0.0,0.0,77.0,1.0,46.0,6860.0,13539021.235,-1.0,-1.0,0.0,-1725525.637,5281139.649,2469678.406,4113974.161,599343.008,0.0,121286.296,4951192.886,0.0,Benign,Benign,DoS,DoS,1.0,0.5065921545028687,0.00011034903582185507,0.19754378497600555,18.0
-12.0,1.0,0.0,1267982.955,0.0,0.0,0.0,0.0,0.0,108.0,0.0,-12.0,0.0,-12.0,17039053.349,2746527.046,0.0,0.0,0.0,2118915.005,7429475.784,0.0,0.0,5438413.918,0.0,0.0,0.0,4523930.633,5678020.516,0.0,0.0,0.0,0.0,0.0,0.0,0.0,1.0,1.0,0.0,0.0,0.0,0.0,1.0,0.0,63984.0,0.0,329.0,1006.0,0.0,106.0,0.0,0.0,0.0,0.0,13819984.496,0.0,0.0,8712437.153,Benign,Benign,DoS,DoS,0.9895275235176086,0.5120258927345276,8.367293048650026e-05,0.029905986040830612,106.0
84392439.823,8.0,0.0,0.0,13042.999,344.0,192.0,558.978,4344.0,524.0,2178.085,5418342.158,18395833.371,79660809.438,12849490.659,80392491.817,17018428.445,29152809.74,78660085.201,-1.0,8142694.831,0.0,0.0,3175929.04,0.0,0.0,0.0,-238.823,341.898,843.4,1599.395,2247791.6,1.0,0.0,0.0,0.0,0.0,0.0,0.0,0.0,0.0,903.643,1.0,1050.0,10.0,0.0,0.0,235.0,0.0,42.0,4588136.524,0.0,1285667.047,9418959.022,77882823.944,0.0,80260598.66,80157465.935,DoS,DoS,Benign,Benign,1.0,0.6336148977279663,2.895755460485816e-05,0.03586943820118904,21.0
-12.0,2.0,0.0,777150.021,0.0,0.0,0.0,0.0,0.0,0.0,0.0,6424377.178,7281139.922,1954942.074,2344105.077,0.0,0.0,3882643.662,4970414.042,-0.0,0.0,0.0,0.0,0.0,0.0,0.0,0.0,4523930.633,3454862.566,0.0,0.0,2667913.032,0.0,0.0,0.0,0.0,1.0,0.0,0.0,0.0,0.0,0.0,4792.0,0.0,0.0,0.0,395.0,-1.0,7256.0,106.0,0.0,3653137.303,640787.994,0.0,0.0,0.0,0.0,0.0,Benign,Benign,DoS,DoS,0.523983359336853,0.5323310494422913,0.0001193443313241005,0.19135865569114685,8.0
98772114.146,5.0,0.0,0.0,0.0,348.0,190.0,333.96,4344.0,330.0,1760.597,8110270.896,27671732.616,96684098.102,5314208.002,95485796.928,27432993.65,48454787.372,95742330.551,-1.0,104054653.645,11094624.996,40467317.177,102339527.607,0.0,0.0,0.0,-238.823,341.898,920.077,1497.795,1589832.783,1.0,0.0,0.0,0.0,0.0,0.0,0.0,0.0,0.0,996.75,1.0,360.0,10.0,0.0,0.0,235.0,0.0,42.0,5050747.134,0.0,3433976.9,9418959.022,94623212.814,0.0,96695866.585,95521817.207,DoS,DoS,Benign,Benign,0.9999998807907104,0.6122266054153442,0.00017782166833058,0.20811450481414795,14.0
-12.0,1.0,0.0,595082.979,0.0,0.0,0.0,0.0,0.0,73.0,0.0,-12.0,0.0,-12.0,3253686.07,0.0,0.0,0.0,0.0,-0.0,0.0,0.0,3708346.992,5949912.071,842958.0,0.0,0.0,4523930.633,5678020.516,0.0,0.0,0.0,0.0,0.0,0.0,0.0,1.0,1.0,0.0,0.0,0.0,0.0,1.0,0.0,0.0,0.0,110.0,229.0,0.0,106.0,0.0,3742553.631,0.0,0.0,2422256.47,0.0,4607263.952,4455942.214,Benign,Benign,DoS,DoS,0.9866443276405334,0.5376276969909668,0.00021814292995259166,0.1207171082496643,44.0
25375533.755,6.0,2401.565,115284.493,3652250.55,419.0,14.331,187.986,1767.0,19.432,721.375,3141911.781,4852167.099,11397221.84,1181389.35,20574367.046,4986446.5,6396239.744,11263967.156,557960.342,26289678.812,5444947.779,5865861.27,10241621.733,1131910.868,0.0,0.0,201188962.429,7352547.689,168.154,494.155,419207.191,0.0,0.0,0.0,1.0,0.0,0.0,0.0,0.0,2.396,182.167,406.714,419.0,1883.481,2879778.546,29200.0,939.0,1966.476,4990216.95,1068965.243,238969.77,583992.526,795840.053,10469952.822,762574.424,11394981.444,11331799.328,Benign,Benign,-1.0,Web Attack,0.9994681477546692,0.7001992464065552,inf,inf,inf
1377575.041,2.0,0.0,597321.006,0.0,34.0,0.0,0.0,50.0,246.0,0.0,11268698.417,2043659.929,2094625.947,15044088.636,0.0,0.0,0.0,0.0,-0.0,0.0,5577950.031,0.0,0.0,3854420.185,0.0,0.0,4523930.633,-20921563.407,40.4,8.764,1700781.751,0.0,0.0,0.0,0.0,0.0,0.0,0.0,0.0,0.0,50.5,3467.0,68.0,0.0,0.0,-1.0,-1.0,0.0,106.0,0.0,3037774.379,1357007.008,0.0,0.0,0.0,3792167.008,0.0,Benign,Benign,DoS,DoS,1.0,0.5046098828315735,0.0001306734629906714,0.21198882162570953,30.0
919362.001,1.0,6.0,168.0,0.0,2.0,2.0,0.0,6.0,0.0,0.0,3140141.747,2260334.678,0.0,2011075.038,36379.999,165833.286,0.0,1213114.969,-0.0,117238.001,1178809.963,0.0,619310.997,691356.026,0.0,0.0,-238.823,213.202,3.333,2.309,0.0,0.0,0.0,0.0,1.0,0.0,0.0,0.0,0.0,2.0,5.0,1.0,2.0,6.0,11594.999,1024.0,0.0,1.0,42.0,2011074.908,0.0,1558743.985,1497830.003,0.0,255201.907,0.0,0.0,PortScan,PortScan,Benign,Benign,0.7225607633590698,0.5880241394042969,0.0001590259198565036,0.05013619735836983,54.0
-12.0,3.0,0.0,199065.005,0.0,31.0,207.0,0.0,0.0,0.0,0.0,521769.19,3461682.417,2564384.956,1392417.98,265498.99,0.0,0.0,5025621.951,-0.0,0.0,0.0,0.0,0.0,1419947.036,0.0,0.0,4523930.633,4394922.032,12.25,12.5,906883.49,0.0,0.0,0.0,0.0,1.0,0.0,0.0,0.0,0.0,16.333,5442.0,43.0,0.0,0.0,251.0,-1.0,9478.0,106.0,1112118.969,3153986.803,758356.992,0.0,0.0,0.0,0.0,0.0,Benign,Benign,DDoS,DDoS,0.9916959404945374,0.9999992847442627,0.0001661463174968958,0.13447096943855286,9.0
-12.0,2.0,0.0,1267982.955,0.0,27.0,0.0,0.0,43.0,162.0,0.0,-12.0,0.0,-12.0,-13.0,871284.977,0.0,0.0,13746668.994,-0.0,0.0,0.0,0.0,28505147.696,0.0,0.0,0.0,4523930.633,-127911321.27,33.4,8.764,0.0,0.0,0.0,0.0,0.0,0.0,0.0,0.0,0.0,0.0,41.75,57992.002,54.0,0.0,0.0,-1.0,-1.0,0.0,106.0,1831953.283,0.0,0.0,0.0,0.0,0.0,0.0,0.0,Benign,Benign,Patator,Patator,1.0,0.5118723511695862,0.0002711785491555929,0.4062960147857666,91.0
0.0,1.0,0.0,0.0,11594.999,0.0,0.0,75.132,6.0,0.0,0.0,19733712.54,0.0,0.0,2011075.038,0.0,0.0,0.0,144848.996,-0.0,0.0,5387128.741,0.0,1198008.992,0.0,0.0,0.0,-238.823,213.202,2.0,3.464,0.0,0.0,0.0,0.0,1.0,0.0,0.0,0.0,0.0,0.0,3.0,1.0,0.0,0.0,0.0,29200.0,0.0,0.0,42.0,2011074.908,0.0,0.0,1883583.963,0.0,255201.907,0.0,0.0,PortScan,PortScan,Benign,Benign,0.9946994781494141,0.9305702447891235,6.763217970728874e-05,0.1873447299003601,13.0
-12.0,4.0,0.0,1267982.955,0.0,47.0,0.0,0.0,104.0,145.0,0.0,7825513.251,0.0,-12.0,-13.0,6041519.791,0.0,0.0,5800006.092,15784943.411,0.0,0.0,0.0,12546644.211,0.0,0.0,0.0,4523930.633,-27648564.34,63.286,27.813,0.0,0.0,0.0,0.0,0.0,0.0,0.0,0.0,0.0,0.0,73.833,1.0,188.0,0.0,0.0,-1.0,-1.0,0.0,106.0,3107718.36,0.0,0.0,0.0,5689113.289,0.0,0.0,1733103.991,Benign,Benign,DoS,DoS,1.0,0.5101175904273987,0.0002488934260327369,0.03752724453806877,67.0
-12.0,4.0,15098.001,774533.984,0.0,35.0,237.0,0.0,242.0,208.0,0.0,-12.0,2137688.281,-12.0,-13.0,0.0,0.0,0.0,3077428.043,-0.0,0.0,0.0,0.0,0.0,0.0,0.0,0.0,4523930.633,5678020.516,94.143,101.006,2193293.19,0.0,0.0,0.0,0.0,0.0,0.0,0.0,0.0,0.0,109.833,35888.0,140.0,27052.999,0.0,-1.0,-1.0,46178.001,106.0,6955125.481,715999.76,5573567.003,6328884.028,0.0,0.0,0.0,0.0,Benign,Benign,DDoS,DDoS,0.9999996423721313,0.8216462135314941,0.0001614503562450409,0.3375628888607025,24.0
114329163.893,200.0,0.0,1267982.955,0.0,0.0,0.0,0.0,0.0,112.0,0.0,4877675.37,10348688.098,14567626.32,-13.0,115817792.416,0.0,0.0,21305671.334,-0.0,1116172.001,0.0,3080602.393,893318.988,0.0,0.0,0.0,4523930.633,5678020.516,0.0,0.0,1812466.55,0.0,0.0,0.0,0.0,0.0,0.0,0.0,0.0,0.0,0.0,11309.0,0.0,0.0,0.0,-1.0,-1.0,36365.0,106.0,8178721.219,0.0,12371517.345,674746.982,6154907.048,4557656.315,21571024.06,0.0,Benign,Benign,DoS,DoS,0.9999997615814209,0.5371374487876892,0.00012341467663645744,0.2811267673969269,78.0
7522111.444,5.0,0.0,26362.001,0.0,46.0,197.0,0.0,46.0,0.0,0.0,7300064.872,3755682.799,3311968.992,-13.0,6683101.058,2566678.673,376236.799,4590088.874,8084139.957,0.0,2648971.528,0.0,0.0,0.0,1.0,0.0,4523930.633,-11035012.892,32.429,18.867,0.0,0.0,1.0,0.0,0.0,1.0,0.0,0.0,0.0,0.0,37.833,1.0,135.0,0.0,0.0,257.0,416.0,970.0,106.0,5109497.979,0.0,4165637.009,4283537.008,0.0,0.0,1574175.954,0.0,Benign,Benign,DoS,DoS,0.9999994039535522,0.5850481986999512,0.00012415574747137725,0.14637638628482819,5.0
1034344.68,2.0,2432.556,100673.814,4818924.623,39.0,41.947,27.285,76.0,95.015,0.0,1040121.841,336128.88,430990.291,502375.542,127747.399,486301.146,539276.533,880426.392,598253.272,733551.979,231173.434,18293.319,43133.347,309828.669,0.0,0.0,56411699.263,6283470.547,53.8,20.266,203546.569,0.0,0.0,0.0,0.0,0.0,0.0,0.0,0.0,1.737,67.25,1507.493,78.0,1568.342,2382356.871,-1.0,-1.0,1525.66,5062920.934,574008.445,636212.471,209256.412,1079128.86,178299.942,594462.69,545.74,1114945.114,Benign,Benign,-1.0,DoS,1.0,0.9720021486282349,inf,inf,inf
526068.707,4.0,958.139,97374.591,5906299.721,42.0,64.847,49.977,117.0,145.346,0.0,392100.994,19137.61,1088223.465,388176.037,132206.194,59298.577,675175.676,213600.928,217152.153,853617.992,654773.209,446259.426,58117.71,1112156.063,0.0,0.0,86222058.62,2979910.213,75.333,39.528,57323.361,0.0,0.0,0.0,0.0,0.0,0.0,0.0,0.0,1.764,84.75,1825.501,168.0,2683.176,3343895.933,-1.0,-1.0,2104.774,4750153.0,65984.854,127784.05,1096295.854,614539.259,51484.178,705275.019,1055957.749,928038.061,Benign,Benign,-1.0,Web Attack,1.0,0.9905216693878174,inf,inf,inf
-12.0,4.0,0.0,960083.999,0.0,31.0,138.0,0.0,171.0,255.0,0.0,6608683.402,5454945.295,-12.0,-13.0,0.0,0.0,0.0,6057313.085,-0.0,0.0,0.0,0.0,0.0,0.0,0.0,0.0,4523930.633,5678020.516,71.0,68.313,0.0,0.0,0.0,0.0,0.0,0.0,0.0,0.0,0.0,0.0,82.833,7308.0,124.0,0.0,0.0,-1.0,-1.0,22304.0,106.0,3958059.512,0.0,2774956.99,250350.996,0.0,0.0,0.0,0.0,Benign,Benign,DDoS,DDoS,0.9999998807907104,0.8930145502090454,0.00022580986842513084,0.17079228162765503,12.0
-12.0,9.0,0.0,0.0,0.0,201.0,0.0,2466.676,1460.0,716.0,654.389,-12.0,0.0,-12.0,-13.0,62104024.887,0.0,0.0,69634788.036,-0.0,0.0,0.0,0.0,0.0,34813946.486,0.0,0.0,4523930.633,5678020.516,327.176,538.014,0.0,0.0,0.0,0.0,1.0,0.0,0.0,0.0,0.0,0.0,347.625,1.0,388.0,0.0,0.0,8192.0,946.0,0.0,106.0,85899996.758,0.0,0.0,0.0,0.0,0.0,30947045.088,0.0,Benign,Benign,Bot,Bot,0.9999984502792358,0.5006318092346191,7.84182921051979e-05,1.1967653036117554,1929.0
828685.0,4.0,8.0,6.0,11607.0,6.0,0.0,14.142,0.0,0.0,0.0,449749.021,204855.654,3.0,444253.993,873653.982,2605517.954,867595.129,204089.005,1087181.97,35369.002,1036537.215,678331.167,136605.003,35138.0,0.0,0.0,-238.823,20.158,6.0,0.0,4768.968,0.0,0.0,0.0,0.0,1.0,0.0,0.0,0.0,6.0,7.5,1.0,24.0,8.0,11607.0,256.0,-1.0,0.0,10.0,881447.494,0.0,272955.003,1370050.982,0.0,845685.139,448499.992,0.0,DDoS,DDoS,Benign,Benign,0.9986953139305115,1.0,0.00034841918386518955,0.05237925425171852,3.0
7380690.619,13.0,2393.838,10627.299,144351.075,204.0,3.914,101.961,1540.0,25.443,698.518,733683.004,1210822.617,6943543.376,142732.147,800599.27,477430.746,382089.672,1087483.987,288484.922,7400188.297,672488.865,2132910.181,7056169.063,608874.913,0.0,0.0,300198375.498,6715888.893,402.065,602.006,382656.58,0.0,0.0,0.0,1.0,0.0,0.0,0.0,0.0,2.491,415.467,532.663,847.0,1221.181,3276806.943,8192.0,32.0,1154.516,2866697.397,983280.865,171433.711,528520.141,588622.857,7304131.24,755146.275,7536144.555,6469163.597,Benign,Benign,-1.0,Bot,0.9999986886978149,0.8435896039009094,inf,inf,inf
-12.0,2.0,0.0,591539.984,0.0,51.0,0.0,0.0,67.0,198.0,0.0,5867787.454,3371518.223,2508451.951,1808896.022,154081.997,0.0,0.0,0.0,-0.0,0.0,3393167.853,0.0,0.0,0.0,0.0,0.0,4523930.633,-20973363.521,57.4,8.764,1520512.104,0.0,0.0,0.0,0.0,0.0,0.0,0.0,0.0,0.0,71.75,5100.0,102.0,0.0,0.0,-1.0,-1.0,19235.0,106.0,2853889.391,0.0,2361054.085,0.0,0.0,0.0,2657496.035,0.0,Benign,Benign,DoS,DoS,1.0,0.6460736393928528,9.718607179820538e-05,0.15393537282943726,11.0
890736.402,2.0,152.926,72438.133,5033002.859,29.0,33.584,18.703,83.0,94.635,0.0,943893.447,34171.535,926106.543,454590.474,826659.054,254428.843,609067.646,803631.73,806978.943,675314.404,724890.176,333799.82,861833.822,1015611.85,0.0,0.0,229478463.464,9924407.279,50.6,29.577,76031.353,0.0,0.0,0.0,0.0,0.0,0.0,0.0,0.0,1.256,63.25,1693.706,58.0,2730.354,986264.098,-1.0,-1.0,1796.535,1195273.748,831384.691,564672.657,271258.915,755703.91,869137.533,761736.342,1010030.62,856545.065,Benign,Benign,-1.0,DoS,1.0,0.9694339632987976,inf,inf,inf
-12.0,2.0,0.0,954217.965,0.0,40.0,0.0,0.0,226.0,82.0,0.0,3141966.99,5836189.641,-12.0,-13.0,0.0,0.0,472192.577,3133722.916,-0.0,2933692.932,0.0,0.0,0.0,0.0,0.0,0.0,-149036673.406,5678020.516,114.4,101.876,2526146.936,0.0,0.0,0.0,0.0,0.0,0.0,0.0,0.0,0.0,143.0,10924.0,80.0,0.0,0.0,-1.0,-1.0,21931.0,106.0,5240684.748,0.0,2501411.978,3737541.102,0.0,0.0,0.0,0.0,Benign,Benign,DoS,DoS,1.0,0.7933626174926758,0.0002510974882170558,0.20776230096817017,6.0
798415.989,3.0,0.0,169788.996,6748228.3,38.0,153.0,0.0,6.0,0.0,0.0,-12.0,0.0,-12.0,1461627.028,1335330.047,0.0,0.0,2710496.038,520121.018,0.0,233208.686,0.0,0.0,0.0,0.0,0.0,4523930.633,3462648.67,8.8,16.529,366292.095,0.0,0.0,0.0,0.0,1.0,0.0,0.0,0.0,0.0,11.0,7.0,38.0,0.0,3568127.893,349.0,0.0,3148.0,106.0,516351.308,1763208.867,1519658.985,0.0,0.0,584578.807,2006010.935,375812.994,Benign,Benign,DDoS,DDoS,0.9968690276145935,0.9949010610580444,0.0003630316932685673,0.08737174421548843,3.0
969590.784,2.0,258.454,52744.991,323485.511,47.0,63.244,43.627,129.0,154.243,0.0,324004.506,592066.469,1019320.86,668526.563,1010050.848,400542.654,16486.088,89008.778,485373.388,113362.677,1039969.996,295540.597,957439.542,798070.394,0.0,0.0,182965546.409,4416929.037,79.8,44.913,137254.341,0.0,0.0,0.0,0.0,0.0,0.0,0.0,0.0,1.51,99.75,1652.108,94.0,1202.055,4191428.945,-1.0,-1.0,174.652,3433801.277,462172.553,122500.511,819921.298,167976.632,1160144.359,355953.957,17354.322,441110.646,Benign,Benign,-1.0,Web Attack,1.0,0.9647908210754395,inf,inf,inf
0.0,1.0,6.0,0.0,11594.999,2.0,2.0,0.0,6.0,0.0,0.0,3584797.064,2462435.438,0.0,1798119.017,209575.002,364259.128,0.0,657700.002,-0.0,976494.96,1443882.175,106832.4,62422.003,0.0,0.0,0.0,-238.823,213.202,3.333,2.309,0.0,0.0,0.0,0.0,1.0,0.0,0.0,0.0,0.0,2.0,5.0,6.0,2.0,6.0,11594.999,1024.0,0.0,0.0,42.0,2011074.908,0.0,1318639.023,2011074.908,0.0,255201.907,0.0,0.0,PortScan,PortScan,Benign,Benign,0.7225605249404907,0.5983570218086243,3.5848788684234023e-06,0.05308496206998825,45.0
-12.0,1.0,0.0,0.0,0.0,6.0,0.0,0.0,6.0,0.0,0.0,-12.0,0.0,6498483.044,9206646.272,0.0,0.0,0.0,8263119.757,-0.0,0.0,0.0,0.0,0.0,0.0,0.0,0.0,4523930.633,-2724086.723,6.0,0.0,2196895.909,0.0,0.0,0.0,0.0,1.0,0.0,0.0,0.0,0.0,9.0,17537.0,6.0,17882.0,0.0,32.0,32850.0,28426.999,106.0,0.0,4204697.209,3017177.042,0.0,0.0,0.0,3710586.95,0.0,Benign,Benign,DDoS,DDoS,0.9999996423721313,0.5034726858139038,3.103550989180803e-05,0.23663394153118134,655.0
-12.0,2.0,0.0,625586.008,0.0,6.0,102.0,0.0,0.0,0.0,0.0,8775766.364,9371458.159,8014563.409,2556241.013,550242.998,0.0,2872346.12,6627636.999,-0.0,0.0,805279.668,0.0,0.0,2039287.984,0.0,0.0,4523930.633,5678020.516,6.0,0.0,881071.15,0.0,0.0,0.0,0.0,1.0,0.0,0.0,0.0,0.0,9.0,15539.0,12.0,0.0,0.0,256.0,-1.0,23629.001,106.0,4370032.549,5125834.598,3103351.928,926637.016,0.0,0.0,0.0,0.0,Benign,Benign,DDoS,DDoS,0.9750096797943115,0.9999988079071045,0.00021950190421193838,0.2334497720003128,3.0
9408671.043,10.0,0.0,0.0,0.0,1298.0,0.0,1098.019,2260.0,642.0,850.4,-12.0,3894438.328,6514645.144,-13.0,27770240.307,0.0,0.0,33731367.588,-0.0,0.0,22509024.739,8754703.785,0.0,0.0,0.0,0.0,4523930.633,5678020.516,503.429,717.123,0.0,0.0,0.0,0.0,1.0,0.0,0.0,0.0,0.0,0.0,528.6,29097.999,2676.0,51370.999,0.0,8192.0,12.0,55243.997,106.0,48709139.228,30282701.278,43162104.785,23912382.126,0.0,0.0,0.0,0.0,Benign,Benign,Bot,Bot,0.9999997615814209,0.4998820126056671,7.146736606955528e-06,0.9078477025032043,820.0
967887.693,2.0,1292.424,5775.33,4444758.358,44.0,57.128,53.933,172.0,186.206,0.0,274712.232,892708.924,840449.91,507055.829,614275.653,1173695.326,783861.977,486855.749,56419.085,719669.592,837077.703,640922.715,475300.793,116280.55,0.0,0.0,286357028.535,2628699.003,95.2,70.108,227380.809,0.0,0.0,0.0,0.0,0.0,0.0,0.0,0.0,2.296,119.0,1417.087,88.0,1772.742,1123487.325,-1.0,-1.0,322.936,4973704.953,708722.207,270600.114,635835.729,585813.699,400313.325,537113.366,1085338.667,705379.955,Benign,Benign,-1.0,Web Attack,1.0,0.9454578757286072,inf,inf,inf
8500271.14,5.0,0.0,0.0,0.0,46.0,168.0,0.0,46.0,0.0,0.0,8133376.341,6235321.824,6956534.209,-13.0,5491548.926,2671067.566,407344.755,5308687.091,14196350.425,0.0,0.0,105267.834,14797.0,0.0,1.0,0.0,4523930.633,5678020.516,32.429,18.867,0.0,0.0,1.0,0.0,0.0,1.0,0.0,0.0,0.0,0.0,37.833,1.0,135.0,0.0,0.0,254.0,33.0,0.0,106.0,3174322.471,0.0,2824063.003,1281753.015,5656637.102,0.0,6747754.812,6157714.874,Benign,Benign,DoS,DoS,0.9999998807907104,0.5265091061592102,6.240233778953552e-05,0.16587889194488525,31.0
10986944.663,2.0,0.0,0.0,0.0,31.0,0.0,0.0,87.0,137.0,0.0,6511417.999,10712999.272,-12.0,-13.0,0.0,0.0,0.0,0.0,-0.0,0.0,0.0,0.0,0.0,0.0,0.0,0.0,4523930.633,-77308079.155,53.4,30.672,1630062.342,0.0,0.0,0.0,0.0,0.0,0.0,0.0,0.0,0.0,66.75,58736.002,62.0,0.0,0.0,-1.0,-1.0,0.0,106.0,4434119.165,0.0,0.0,0.0,0.0,0.0,0.0,0.0,Benign,Benign,DoS,DoS,0.9999997615814209,0.501650869846344,0.0003574750735424459,0.3361876606941223,168.0
-12.0,2.0,0.0,166372.005,19876079.116,2.0,0.0,589.426,6.0,110.0,0.0,-12.0,0.0,-12.0,2993925.943,1615526.006,744266.678,0.0,0.0,4503306.075,0.0,0.0,291680.689,0.0,0.0,0.0,0.0,4523930.633,-11506940.89,3.6,2.191,491247.016,0.0,0.0,0.0,1.0,0.0,0.0,0.0,0.0,0.0,4.5,1.0,4.0,0.0,22331111.402,1024.0,0.0,0.0,106.0,0.0,0.0,0.0,0.0,542873.852,1107654.62,3504110.053,640503.019,Benign,PortScan,Bot,Bot,0.7225805521011353,0.5831053853034973,4.795100539922714e-05,0.12448270618915558,5.0
-12.0,1.0,0.0,373256.001,4537686.891,0.0,0.0,116.855,0.0,0.0,0.0,6201311.241,0.0,-12.0,3521784.068,0.0,48035.905,0.0,0.0,303757.002,0.0,6645910.442,2202586.726,1306364.983,5533677.936,0.0,0.0,4523930.633,5678020.516,0.0,0.0,605371.749,0.0,0.0,0.0,0.0,1.0,1.0,0.0,0.0,0.0,0.0,3597.0,0.0,0.0,13158347.088,237.0,110.0,0.0,106.0,0.0,3573631.337,0.0,0.0,0.0,0.0,3470415.026,0.0,Benign,Benign,DoS,DoS,0.9897584915161133,0.6212831735610962,5.911802873015404e-05,0.03450143709778786,24.0
87873589.816,10.0,0.0,0.0,13042.999,350.0,385.0,992.897,5792.0,501.0,2118.227,1054882.485,15126554.202,81030538.629,-5.0,84643185.139,17389583.588,26027392.762,76554236.412,-1.0,9948508.143,0.0,0.0,6425790.042,0.0,0.0,0.0,-238.823,341.898,683.389,1494.426,3411031.008,0.0,0.0,0.0,0.0,1.0,0.0,0.0,0.0,0.0,723.588,1.0,706.0,10.0,0.0,274.0,235.0,0.0,42.0,5359873.921,0.0,1510798.987,9418959.022,77913064.957,845341.441,83178398.609,80158438.683,DoS,DoS,Benign,Benign,0.9999995231628418,0.6256064772605896,0.00015933578833937645,0.34653905034065247,56.0
116411073.263,21.0,814.7,53973.897,4007666.901,1879.0,2.145,458.02,1461.0,4.939,473.546,4141929.264,4798869.088,10430100.313,1168822.305,116691677.57,6663567.424,5586278.736,10649228.99,687635.661,110814049.244,7402128.875,5054438.027,10734840.631,716217.812,0.0,0.0,299687582.172,6692337.537,142.179,433.663,305414.367,0.0,0.0,0.0,1.0,0.0,0.0,0.0,0.0,0.136,145.921,1301.31,2514.0,1809.337,4199741.587,29200.0,383.0,242.357,3294857.307,453098.905,220129.702,787076.661,569974.552,10146372.914,1541654.811,10031498.373,5657848.567,Benign,Benign,-1.0,Others,0.999932050704956,0.9942461848258972,inf,inf,inf
1100901.356,2.0,2357.431,67385.938,3099827.783,73.0,77.222,22.369,155.0,156.159,0.0,319164.208,450463.92,795885.226,510491.348,804278.478,1187611.744,672487.981,142142.34,1066784.216,651648.38,284519.987,204508.942,694374.405,311443.498,0.0,0.0,321651695.18,892783.868,105.8,44.913,105320.439,0.0,0.0,0.0,0.0,0.0,0.0,0.0,0.0,1.076,132.25,980.678,146.0,1816.805,5887674.03,-1.0,-1.0,351.8,245321.948,700152.796,674986.456,384170.024,710103.94,883062.668,59847.294,971225.873,1136913.411,Benign,Benign,-1.0,Patator,1.0,0.7958952188491821,inf,inf,inf
1187730.057,1.0,309.548,72875.746,5629473.931,0.0,11.218,25.363,0.0,15.083,0.0,978524.68,490403.746,224836.522,288704.656,947548.561,664708.0,231235.887,170885.101,916951.591,333044.222,517753.791,268328.877,684596.3,223623.631,0.0,0.0,306907818.657,4876244.833,0.0,0.0,136678.237,0.0,0.0,0.0,0.0,1.0,1.0,0.0,0.0,2.035,0.0,653.431,0.0,1005.703,5826387.256,355.0,252.0,132.571,2225737.532,390638.867,303767.093,994188.953,1058311.937,1133988.015,418045.083,709188.301,342948.53,Benign,Benign,-1.0,DoS,0.9897881746292114,0.6252565383911133,inf,inf,inf
107902926.674,24.0,0.0,1267982.955,11934451.453,1460.0,0.0,111.793,1460.0,88.0,607.738,-12.0,0.0,8659692.862,17891307.481,112213976.383,3826137.632,5935417.021,26500207.186,9191451.615,109129557.61,0.0,0.0,15132583.38,0.0,0.0,0.0,4523930.633,5678020.516,313.462,545.493,0.0,0.0,0.0,0.0,1.0,0.0,0.0,0.0,0.0,0.0,319.608,1.0,5110.0,0.0,4451062.963,8192.0,41.0,0.0,106.0,0.0,0.0,0.0,0.0,562300.086,0.0,0.0,6752737.015,Benign,Benign,Web Attack,Web Attack,0.9999127388000488,0.4790119230747223,0.00017499167006462812,0.29971998929977417,192.0
-12.0,1.0,0.0,1267982.955,0.0,0.0,0.0,0.0,0.0,56.0,0.0,-12.0,0.0,2281121.078,13471515.565,0.0,0.0,0.0,11482828.259,-0.0,0.0,0.0,0.0,0.0,0.0,0.0,0.0,-2155327241.831,5678020.516,0.0,0.0,2048101.616,0.0,0.0,0.0,0.0,1.0,0.0,0.0,0.0,0.0,0.0,24811.0,0.0,43401.002,0.0,362.0,32832.0,28902.0,106.0,4164501.093,0.0,7132452.056,0.0,0.0,0.0,19784020.185,0.0,Benign,Benign,DoS,DoS,0.9999998807907104,0.4873102903366089,0.0003006254555657506,0.3650227189064026,403.0
-12.0,1.0,0.0,1267982.955,0.0,75.0,0.0,0.0,107.0,108.0,0.0,7879918.29,0.0,-12.0,18833927.034,0.0,0.0,0.0,0.0,-0.0,0.0,0.0,0.0,0.0,0.0,0.0,0.0,4523930.633,-12572671.937,85.667,18.475,1651213.026,0.0,0.0,0.0,0.0,0.0,0.0,0.0,0.0,0.0,128.5,1.0,75.0,0.0,0.0,-1.0,-1.0,0.0,106.0,0.0,0.0,0.0,0.0,0.0,0.0,0.0,0.0,Benign,Benign,DoS,DoS,1.0,0.5011674165725708,0.0003575275477487594,0.21272608637809753,132.0
308820.989,2.0,0.0,256638.008,0.0,6.0,66.0,0.0,0.0,17.0,0.0,6926547.556,9268663.743,6303778.789,-13.0,0.0,0.0,4099280.183,4283031.821,-0.0,2084693.983,769612.882,0.0,0.0,2199045.941,0.0,0.0,4523930.633,5678020.516,6.0,0.0,423862.088,0.0,0.0,0.0,0.0,1.0,0.0,0.0,0.0,0.0,9.0,11518.0,12.0,0.0,0.0,255.0,-1.0,19638.0,106.0,1605009.595,872161.906,1585384.011,972262.034,0.0,0.0,0.0,0.0,Benign,Benign,DDoS,DDoS,0.9750121831893921,0.9999966621398926,0.00034755165688693523,0.18310976028442383,3.0
83276340.363,6.0,0.0,0.0,13042.999,311.0,100.0,195.214,5792.0,317.0,2120.732,4059079.842,20018500.134,81396334.758,7141984.796,81808619.499,19620196.223,35972554.132,79909057.617,-1.0,87667500.973,8573081.195,34185677.886,87836973.667,0.0,0.0,0.0,-238.823,341.898,852.143,1666.921,1715649.748,1.0,0.0,0.0,0.0,0.0,0.0,0.0,0.0,0.0,917.692,1.0,329.0,10.0,0.0,0.0,235.0,0.0,42.0,5562648.363,0.0,3506419.994,9418959.022,80678987.503,257951.815,81940069.199,81822538.376,DoS,DoS,Benign,Benign,0.9999998807907104,0.8446410894393921,0.00011559153790585697,0.20388810336589813,11.0
1021053.662,2.0,275.96,52043.405,1230152.778,46.0,49.075,13.269,127.0,150.906,0.0,596789.299,374077.435,985018.756,1071158.482,526524.335,396577.735,40231.887,138525.143,808139.836,807162.244,212666.262,414085.913,233275.574,891483.855,0.0,0.0,43361505.872,10373684.792,78.4,44.366,105478.695,0.0,0.0,0.0,0.0,0.0,0.0,0.0,0.0,2.421,98.0,480.995,92.0,2380.353,901617.455,-1.0,-1.0,684.525,2481289.478,719351.182,653640.672,165100.872,1072995.448,563984.01,435006.792,183428.689,346277.766,Benign,Benign,-1.0,Patator,1.0,0.8593788146972656,inf,inf,inf
679817.021,2.0,0.0,631540.993,0.0,38.0,0.0,0.0,86.0,241.0,0.0,7260378.903,0.0,-12.0,11413928.417,0.0,0.0,0.0,493445.992,-0.0,0.0,3517361.954,0.0,0.0,2543743.104,0.0,0.0,4523930.633,-19959368.24,57.2,26.291,1674468.565,0.0,0.0,0.0,0.0,0.0,0.0,0.0,0.0,0.0,71.5,1.0,76.0,0.0,0.0,-1.0,-1.0,6066.0,106.0,459173.205,2101103.624,1666461.006,0.0,0.0,0.0,3715061.992,0.0,Benign,Benign,DoS,DoS,1.0,0.5045735836029053,0.0003408442426007241,0.16463816165924072,20.0
-12.0,3.0,0.0,1267982.955,0.0,37.0,0.0,0.0,0.0,0.0,0.0,-12.0,12697765.869,-12.0,-13.0,18842123.151,0.0,0.0,17224498.987,-0.0,0.0,0.0,0.0,0.0,0.0,0.0,0.0,4523930.633,5678020.516,9.25,18.5,0.0,0.0,0.0,0.0,0.0,1.0,0.0,0.0,0.0,0.0,12.333,1.0,37.0,0.0,0.0,32831.0,-1.0,0.0,106.0,450390.195,10306609.747,0.0,6109894.924,0.0,0.0,0.0,0.0,Benign,Benign,PortScan,PortScan,0.9999977350234985,0.4317491948604584,0.00026584911393001676,0.31527963280677795,154.0
47997.163,15.0,350.952,60444.43,1725086.154,2896.0,18.146,1205.784,0.0,13.789,0.0,481654.906,269855.422,329696.908,351452.456,635737.963,443201.903,398317.012,425981.507,661666.064,1021481.305,1117283.441,225347.437,520198.289,981214.866,0.0,0.0,147866747.882,10627215.786,904.409,1122.98,1327853.906,0.0,0.0,0.0,1.0,0.0,0.0,0.0,0.0,0.531,947.476,1192.267,19897.0,42.966,2390364.6,29200.0,362.0,404.547,4614281.029,122193.233,661179.933,881199.678,269523.207,481729.824,157185.012,33465.171,432418.725,Benign,Benign,-1.0,Bot,0.9998233914375305,0.6722554564476013,inf,inf,inf
1072619.806,1.0,1222.601,33107.332,2393093.869,0.0,12.718,31.19,0.0,20.494,0.0,148041.671,81781.536,520412.831,940664.192,496235.993,303347.753,289311.404,960219.987,1037433.247,1092740.446,885005.593,729788.456,539553.221,666391.533,0.0,0.0,194275970.051,9584392.615,0.0,0.0,136287.259,0.0,0.0,0.0,0.0,1.0,1.0,0.0,0.0,1.273,0.0,1614.592,0.0,921.801,757546.18,126.0,65535.0,1756.225,1516617.681,77368.993,189296.404,187468.806,1059148.2,683503.523,84295.468,622584.522,265401.648,Benign,Benign,-1.0,Others,1.0,0.9986554384231567,inf,inf,inf
166552.0,4.0,1.0,884220.969,0.0,216.0,4.0,0.0,0.0,0.0,0.0,6103567.51,4717469.694,3990341.97,1457560.016,544915.013,195608.586,1423585.939,2831728.086,-0.0,96297.003,0.0,0.0,1533982.046,0.0,0.0,0.0,-6867144.586,5678020.516,53.0,91.761,603270.191,0.0,0.0,0.0,0.0,1.0,0.0,0.0,0.0,0.0,66.25,11436.0,259.0,0.0,0.0,31.0,-1.0,15227.001,106.0,4712265.618,3027950.259,3976816.051,4037817.828,0.0,0.0,0.0,0.0,Benign,Benign,DDoS,DDoS,0.9997679591178894,0.9991869330406189,0.00013996672350913286,0.16071879863739014,2.0
886720.017,2.0,0.0,1259457.969,0.0,31.0,0.0,0.0,0.0,0.0,0.0,4758301.41,0.0,-12.0,-13.0,0.0,0.0,0.0,0.0,-0.0,0.0,0.0,4842295.339,6038790.196,0.0,1.0,0.0,4523930.633,5678020.516,22.667,14.434,0.0,0.0,1.0,0.0,0.0,1.0,0.0,0.0,0.0,0.0,34.0,1.0,37.0,0.0,0.0,114.0,-1.0,0.0,106.0,5324653.164,0.0,4530260.153,5874532.983,0.0,0.0,0.0,0.0,Benign,Benign,Patator,Patator,0.9999954700469971,0.4999813437461853,0.00021035023382864892,0.15463827550411224,29.0
75061262.687,9.0,0.0,0.0,13042.999,356.0,396.0,0.0,5792.0,498.0,1947.638,8838753.579,8733177.229,64283074.065,-5.0,68960201.74,21902246.475,22605559.216,58676573.038,-1.0,0.0,0.0,0.0,8451684.415,0.0,0.0,0.0,-238.823,341.898,703.0,1451.104,5470477.009,0.0,0.0,0.0,0.0,1.0,0.0,0.0,0.0,0.0,746.937,1.0,356.0,10.0,0.0,274.0,235.0,0.0,42.0,1962371.711,0.0,0.0,5916886.814,59808851.48,782266.202,66916429.996,59802625.179,DoS,DoS,Benign,Benign,0.99998939037323,0.366740882396698,0.0002706501982174814,0.36551982164382935,133.0
8141705.359,4.0,0.0,6.0,0.0,6.0,6.0,0.0,0.0,0.0,0.0,2357342.761,4881570.644,8010084.12,-1.0,8214469.85,3471998.423,4314747.737,8231931.031,125875.998,919739.027,658225.715,571171.284,1083438.993,35138.0,0.0,0.0,-238.823,148.854,6.0,0.0,55798.246,0.0,0.0,0.0,0.0,1.0,0.0,0.0,0.0,1.0,7.5,10.0,24.0,8.0,0.0,256.0,-1.0,0.0,10.0,901641.343,0.0,0.0,454130.992,8252652.884,502550.465,9203995.764,8205291.331,DDoS,DDoS,Benign,Benign,0.9999663829803467,0.6134243011474609,8.122031431412324e-05,0.023158811032772064,4.0
1702527.04,1.0,0.0,0.0,11594.999,0.0,0.0,75.132,6.0,0.0,0.0,18165648.276,4848179.739,0.0,2011075.038,0.0,0.0,0.0,0.0,-0.0,0.0,6253944.039,0.0,2213035.896,5478985.906,0.0,0.0,-238.823,213.202,2.0,3.464,0.0,0.0,0.0,0.0,1.0,0.0,0.0,0.0,0.0,1.0,3.0,1.0,0.0,0.0,0.0,29200.0,0.0,0.0,42.0,2011074.908,0.0,670140.008,1299952.045,0.0,255201.907,0.0,0.0,PortScan,PortScan,Benign,Benign,0.9946972131729126,0.9151626825332642,0.0001318620052188635,0.204575777053833,14.0
21433789.424,26.0,0.0,252786.012,3287250.014,709.0,0.0,560.728,2896.0,0.0,797.63,6048263.484,1527494.201,7808577.781,-13.0,22831383.348,1453951.746,1674352.586,11179969.311,-0.0,15025105.476,7422293.723,7196031.045,10677006.841,0.0,0.0,0.0,4523930.633,-2727883.254,751.362,875.215,1241393.9,0.0,0.0,0.0,1.0,0.0,0.0,0.0,0.0,0.0,764.544,5905.0,1824.0,2854.0,0.0,29200.0,129.0,0.0,106.0,0.0,0.0,0.0,0.0,8133666.515,0.0,11007426.381,6869094.819,Benign,Benign,DoS,DoS,0.9999938011169434,0.5485602021217346,9.550643153488636e-05,0.12929359078407288,10.0
732276.955,2.0,1164.676,17644.816,3126054.345,45.0,65.604,46.231,126.0,132.851,0.0,947797.738,88793.638,1084341.19,626908.9,33720.802,302360.114,791531.414,145791.653,922728.902,301084.528,311431.345,340170.117,215641.153,391209.545,0.0,0.0,52839986.534,8092935.41,77.4,44.366,13025.428,0.0,0.0,0.0,0.0,0.0,0.0,0.0,0.0,1.71,96.75,1859.105,90.0,2303.698,5850434.858,-1.0,-1.0,926.27,40777.991,200599.922,178935.086,771236.08,601810.561,228611.757,298023.376,10125.232,1192327.961,Benign,Benign,-1.0,Patator,1.0,0.9190475344657898,inf,inf,inf
1654457.044,2.0,0.0,372063.99,0.0,33.0,0.0,0.0,250.0,236.0,0.0,4278710.763,4234196.372,-12.0,-13.0,320759.006,0.0,0.0,3694841.936,-0.0,1619573.012,0.0,273594.203,0.0,0.0,0.0,0.0,4523930.633,5678020.516,119.8,118.856,899316.978,0.0,0.0,0.0,0.0,0.0,0.0,0.0,0.0,0.0,149.75,3599.0,66.0,0.0,0.0,-1.0,-1.0,14848.0,106.0,3935939.074,638841.953,2999561.951,2170628.011,0.0,0.0,0.0,0.0,Benign,Benign,DDoS,DDoS,0.9999998807907104,0.9998010993003845,0.00034713803324848413,0.13239966332912445,4.0
116361377.29,24.0,2298.874,51759.681,4493212.806,362.0,15.323,87.103,2920.0,27.398,825.781,3524080.116,4860876.933,11142591.664,1077492.295,116670691.967,5353752.673,5852533.49,10240001.678,610133.056,111395688.057,5267423.54,5453964.582,11290460.229,13204.055,0.0,0.0,53035854.651,2136951.831,330.612,651.303,447506.988,0.0,0.0,0.0,1.0,0.0,0.0,0.0,0.0,2.23,337.5,1798.634,827.0,2482.158,2037506.443,8192.0,123.0,1434.214,2130313.552,761624.901,141411.92,989591.815,868900.791,10703759.193,1620158.653,10208774.507,6091720.015,Benign,Benign,-1.0,Others,0.9999082088470459,0.9991061091423035,inf,inf,inf
-12.0,2.0,0.0,884044.987,0.0,0.0,0.0,0.0,0.0,0.0,0.0,10980607.68,11365815.65,2894197.905,2018738.11,0.0,122313.942,5511775.589,6106823.087,-0.0,0.0,0.0,0.0,0.0,690856.017,0.0,0.0,4523930.633,4388101.147,0.0,0.0,2476021.29,0.0,0.0,0.0,0.0,1.0,0.0,0.0,0.0,0.0,0.0,6377.0,0.0,0.0,0.0,254.0,-1.0,8128.0,106.0,3204321.377,4050232.329,1884873.956,1353878.016,0.0,0.0,0.0,0.0,Benign,Benign,DoS,DoS,0.5094456076622009,0.5330950617790222,5.941570270806551e-05,0.2449694722890854,13.0
102053722.074,7.0,0.0,0.0,0.0,375.0,181.0,465.992,5792.0,447.0,1947.638,8114917.376,23872282.992,94965095.192,-5.0,98640232.086,17766045.928,40257170.626,93405239.582,-1.0,8019367.754,0.0,0.0,3153096.065,0.0,0.0,0.0,-238.823,341.898,798.4,1524.68,1317361.51,0.0,0.0,0.0,0.0,1.0,0.0,0.0,0.0,0.0,855.429,1.0,381.0,0.0,0.0,274.0,235.0,0.0,42.0,5868030.153,0.0,2460229.918,9418959.022,93651187.42,0.0,95758023.262,97473092.079,DoS,DoS,Benign,Benign,1.0,0.5126010775566101,3.748852759599686e-05,0.24109892547130585,21.0
275601.995,1.0,731.0,20099.0,0.0,0.0,0.0,0.0,0.0,0.0,0.0,-12.0,512662.848,5202730.975,-13.0,3576940.075,0.0,424133.807,0.0,-0.0,8642.0,0.0,0.0,6107386.798,0.0,0.0,0.0,4523930.633,-32376853.036,0.0,0.0,2016411.638,0.0,0.0,0.0,0.0,1.0,1.0,0.0,0.0,0.0,0.0,1.0,0.0,13948.0,0.0,304.0,252.0,233.0,106.0,0.0,0.0,0.0,0.0,5116736.144,0.0,0.0,1857483.052,Benign,Benign,DoS,DoS,0.9898027777671814,0.5239129662513733,7.632019696757197e-05,0.13347525894641876,15.0
120211427.615,27.0,2930.724,51846.381,3554454.077,1565.0,16.548,510.19,1787.0,23.978,672.095,2748821.938,4948613.077,10381254.599,1043032.946,119952528.477,5724962.354,5042668.925,11006985.605,1107204.551,116779382.229,6272416.86,5247355.197,11281645.596,347878.793,0.0,0.0,213544016.031,1166777.516,282.18,577.078,334884.292,0.0,0.0,0.0,1.0,0.0,0.0,0.0,0.0,1.529,287.939,1868.145,4896.0,1372.826,3263210.653,29200.0,77.0,1939.021,3833545.193,1255434.565,1080168.531,4031646.512,1009245.263,10391446.352,804910.963,10346253.812,10623155.236,Benign,Benign,-1.0,Others,0.999976396560669,0.9938122034072876,inf,inf,inf
304083.006,3.0,0.0,332087.995,26301206.137,649.0,30.0,0.0,0.0,0.0,0.0,-12.0,0.0,-12.0,1824367.006,3131934.106,0.0,0.0,3490789.086,-0.0,0.0,853152.294,0.0,0.0,0.0,0.0,0.0,4523930.633,5678020.516,162.25,324.5,2611679.435,0.0,0.0,0.0,0.0,1.0,0.0,0.0,0.0,0.0,216.333,5310.0,649.0,0.0,28276864.965,835.0,-1.0,0.0,106.0,0.0,0.0,0.0,3377359.994,0.0,0.0,1702029.034,0.0,Benign,Benign,DoS,DoS,0.9999991655349731,0.5757622122764587,0.00012482125021051615,0.03871520608663559,11.0
530899.59,2.0,251.745,60879.645,4787141.242,35.0,42.493,32.417,96.0,120.558,0.0,983438.488,258152.995,1137149.98,423039.897,836719.461,856889.784,656391.24,1110860.892,596929.825,1068795.137,1185068.004,517736.103,1072306.149,376161.262,0.0,0.0,124166705.677,10162880.848,59.4,33.411,203180.113,0.0,0.0,0.0,0.0,0.0,0.0,0.0,0.0,1.473,74.25,1310.473,70.0,121.492,2663742.329,-1.0,-1.0,2088.46,331849.93,345204.091,72075.237,70667.906,1047152.346,664344.896,533442.729,71456.332,398147.022,Benign,Benign,-1.0,Web Attack,0.9999997615814209,0.8337404131889343,inf,inf,inf
464411.003,2.0,0.0,5720.0,13042.999,0.0,0.0,5.969,0.0,0.0,0.0,0.0,100248.079,82410.999,792317.006,499673.02,722861.085,132925.353,224577.994,516777.98,288356.999,958624.408,463747.237,70150.997,185676.003,0.0,0.0,-238.823,341.898,0.0,0.0,81357.472,0.0,0.0,0.0,0.0,1.0,0.0,0.0,0.0,1.0,0.0,21.0,0.0,10.0,13042.999,251.0,-1.0,11.0,42.0,721795.838,317370.0,865912.046,234848.997,438438.775,222351.821,1027856.022,0.0,DoS,DoS,Benign,Benign,0.5145779252052307,0.9996844530105591,0.00017499341629445553,0.020666416734457016,3.0
33499768.58,41.0,0.0,371642.994,13259073.054,373.0,0.0,0.0,4344.0,0.0,884.654,1261336.271,6858125.907,28196787.426,-13.0,34514322.281,0.0,5448512.68,33767015.934,-0.0,1449383.05,11606685.519,5194020.689,706586.0,0.0,0.0,0.0,4523930.633,-27062418.698,1004.165,1083.16,2654989.004,0.0,0.0,0.0,1.0,0.0,0.0,0.0,0.0,0.0,1014.625,1.0,1354.0,0.0,18108971.616,65535.0,1039.0,0.0,106.0,8361556.903,0.0,8015472.293,6748663.001,30532257.557,0.0,33181064.129,28690200.448,Benign,Benign,PortScan,PortScan,1.0,0.5198376178741455,0.0002791641163639724,0.17206858098506927,18.0
-12.0,2.0,0.0,1267982.955,0.0,31.0,0.0,0.0,0.0,0.0,0.0,3469070.238,558575.777,-12.0,-13.0,0.0,0.0,0.0,0.0,-0.0,4326218.069,0.0,2715277.914,2988450.9,0.0,1.0,0.0,4523930.633,5678020.516,22.667,14.434,0.0,0.0,1.0,0.0,0.0,1.0,0.0,0.0,0.0,0.0,34.0,4209.0,37.0,0.0,0.0,110.0,-1.0,0.0,106.0,0.0,0.0,0.0,731667.024,0.0,0.0,0.0,0.0,Benign,Benign,Patator,Patator,0.9999954700469971,0.7288158535957336,3.281922545284033e-05,0.11912090331315994,6.0
1016957.035,1.0,0.0,354312.999,0.0,43.0,0.0,0.0,59.0,193.0,0.0,12310360.329,0.0,-12.0,18340164.484,0.0,0.0,0.0,0.0,-0.0,0.0,8866080.344,0.0,157022.998,4129562.974,0.0,0.0,4523930.633,5678020.516,48.333,9.238,0.0,0.0,0.0,0.0,0.0,0.0,0.0,0.0,0.0,0.0,72.5,3822.0,43.0,1963.0,0.0,-1.0,-1.0,0.0,106.0,4256221.354,2146874.195,1167151.043,57412.997,0.0,0.0,0.0,0.0,Benign,Benign,DoS,DoS,1.0,0.5148212313652039,0.0002884326968342066,0.21821066737174988,18.0
688581.587,2.0,2198.282,68982.589,4279159.292,30.0,31.148,14.241,172.0,185.415,0.0,45241.071,251844.499,78758.458,347295.898,208754.33,683365.278,207237.093,46205.161,976417.12,579164.084,802580.919,432708.728,161993.341,663106.721,0.0,0.0,189817089.966,1891528.681,86.8,77.777,7376.293,0.0,0.0,0.0,0.0,0.0,0.0,0.0,0.0,1.231,108.5,1477.936,60.0,2349.394,2617888.958,-1.0,-1.0,467.417,1091593.77,259560.333,654724.64,447814.562,596071.156,1010488.495,302492.061,544339.009,155268.568,Benign,Benign,-1.0,Web Attack,0.9999998807907104,0.9648975729942322,inf,inf,inf
-12.0,2.0,0.0,180590.995,0.0,39.0,0.0,0.0,55.0,0.0,0.0,6257499.055,3458010.647,-12.0,-13.0,0.0,0.0,8495033.034,0.0,-0.0,0.0,10675229.43,0.0,0.0,28842521.31,0.0,0.0,4523930.633,-73165292.62,45.4,8.764,0.0,0.0,0.0,0.0,0.0,0.0,0.0,0.0,0.0,0.0,56.75,1.0,78.0,0.0,0.0,-1.0,-1.0,11568.0,106.0,17046762.854,0.0,6432991.996,5818464.98,0.0,0.0,15541300.178,0.0,Benign,Benign,PortScan,PortScan,0.9999998807907104,0.5006897449493408,0.000252910191193223,0.3681860864162445,145.0
11118877.172,4.0,0.0,6.0,11607.0,6.0,6.0,0.0,0.0,0.0,0.0,3221228.734,5945431.69,10781742.423,116947.0,11531337.798,3959331.661,5913356.348,10788302.422,629246.982,48627.0,669080.0,101282.841,827462.99,35138.0,0.0,0.0,-238.823,148.854,6.0,0.0,32263.787,0.0,0.0,0.0,0.0,1.0,0.0,0.0,0.0,1.0,7.5,10.0,24.0,8.0,0.0,256.0,-1.0,8.0,10.0,850512.902,0.0,43572.001,886154.966,10035495.758,564608.038,12096832.395,10676997.006,DDoS,DDoS,Benign,Benign,0.9999756813049316,0.7324631214141846,5.198753206059337e-05,0.023266615346074104,2.0
8474835.749,8.0,0.0,55858.999,14904633.76,197.0,2.0,157.458,1645.0,187.0,788.931,-12.0,0.0,5053967.153,-13.0,10000792.444,0.0,9514.051,6849697.977,1179500.038,840806.98,0.0,0.0,14234.0,1246307.977,0.0,0.0,4523930.633,5678020.516,173.615,450.591,1943123.412,0.0,0.0,0.0,1.0,0.0,0.0,0.0,0.0,0.0,188.083,1847.0,354.0,0.0,6975272.243,8192.0,60.0,0.0,106.0,0.0,0.0,0.0,0.0,6202539.951,0.0,5616390.109,5538107.157,Benign,Benign,Bot,Bot,0.9999982118606567,0.5168188214302063,0.00028421322349458933,0.11789711564779282,6.0
-12.0,1.0,2493.0,636553.98,476773.984,45.0,149.0,0.0,90.0,216.0,0.0,-12.0,0.0,-12.0,-13.0,0.0,0.0,0.0,3357156.962,-0.0,72367.997,0.0,0.0,0.0,0.0,0.0,0.0,4523930.633,-10055379.425,60.0,25.981,1261667.061,0.0,0.0,0.0,0.0,0.0,0.0,0.0,0.0,0.0,90.0,14666.0,45.0,9638.0,0.0,-1.0,-1.0,18704.0,106.0,4702252.597,1020335.131,3707352.877,2104685.083,0.0,0.0,2275055.945,0.0,Benign,Benign,DDoS,DDoS,1.0,0.9977766871452332,0.00020800111815333366,0.17098267376422882,6.0
7121958.455,3.0,2175.987,42251.979,3721885.678,0.0,15.499,12.915,0.0,26.796,0.0,2333761.894,3997069.421,6973549.698,655276.281,6652918.607,3434245.437,5006154.219,6932392.716,730658.354,82838.489,338509.586,343728.751,952554.68,804435.331,0.0,0.0,241967936.361,6606497.347,0.0,0.0,89337.502,0.0,0.0,0.0,1.0,0.0,0.0,0.0,0.0,1.554,0.0,2193.872,0.0,1234.067,1130054.877,8192.0,29200.0,2060.977,453321.905,1083160.602,410860.086,110308.046,339272.42,64523.22,760801.145,349073.773,941348.746,Benign,Benign,-1.0,Web Attack,0.9999994039535522,0.8777058720588684,inf,inf,inf
36369.0,3.0,8.0,6.0,0.0,20.0,6.0,14.142,4380.0,0.0,2177.345,2.333,0.0,3.0,8773187.833,0.0,5507808.924,0.0,0.0,-1.0,3107268.065,1234380.752,1169458.588,3808857.948,35138.0,0.0,0.0,-238.823,148.854,1163.3,1903.963,4154538.345,0.0,0.0,0.0,1.0,0.0,0.0,0.0,0.0,6.0,1292.556,10.0,26.0,8.0,0.0,8192.0,229.0,8.0,10.0,0.0,0.0,0.0,0.0,0.0,0.0,0.0,0.0,DDoS,DDoS,Benign,Benign,0.9999996423721313,0.5507450103759766,0.00013553118333220482,0.10306312143802643,17.0
1004314.106,2.0,767.183,107604.828,2336321.895,45.0,49.026,59.897,61.0,62.567,0.0,1035999.397,440419.504,49363.648,1104591.997,753997.788,208424.726,549940.326,360558.825,288997.168,67804.749,629573.576,169824.333,494957.529,763898.212,0.0,0.0,205167773.598,1348882.266,51.4,8.764,199096.659,0.0,0.0,0.0,0.0,0.0,0.0,0.0,0.0,1.745,64.25,1400.303,90.0,108.647,567976.046,-1.0,-1.0,674.461,3805513.199,1020857.869,38332.824,996999.647,91306.163,683104.713,516370.584,396919.66,1107888.222,Benign,Benign,-1.0,Web Attack,1.0,0.8415371179580688,inf,inf,inf
-12.0,1.0,0.0,578124.987,0.0,6.0,408.0,0.0,6.0,207.0,0.0,2641909.745,10530780.504,-12.0,-13.0,0.0,0.0,0.0,7286252.081,-0.0,0.0,7520592.213,0.0,0.0,21934.0,0.0,0.0,4523930.633,5678020.516,6.0,0.0,0.0,0.0,0.0,0.0,0.0,1.0,1.0,0.0,0.0,0.0,9.0,7424.0,6.0,0.0,0.0,127.0,256.0,0.0,106.0,3802169.859,0.0,0.0,0.0,0.0,0.0,6459496.021,0.0,Benign,Benign,DDoS,DDoS,0.9869548678398132,0.5004104375839233,0.00032396242022514343,0.25601544976234436,65.0
68577.126,2.0,2589.73,24657.59,1161732.499,36.0,58.808,9.587,77.0,102.425,0.0,981180.962,65074.331,1105397.651,194282.645,533697.959,23600.001,639842.269,672261.659,669103.383,810524.449,556787.979,312637.389,981387.533,1013825.61,0.0,0.0,95462425.1,8319311.562,52.4,22.457,201012.987,0.0,0.0,0.0,0.0,0.0,0.0,0.0,0.0,1.862,65.5,994.347,72.0,110.4,2912040.51,-1.0,-1.0,447.165,2028681.573,42156.659,679575.73,371870.471,176282.681,270474.656,414984.673,740393.791,961706.042,Benign,Benign,-1.0,Patator,0.9999998807907104,0.9815752506256104,inf,inf,inf
735092.995,2.0,0.0,1050658.006,11315425.605,47.0,0.0,0.0,79.0,160.0,0.0,5529108.014,0.0,-12.0,15092135.946,0.0,0.0,0.0,0.0,-0.0,1572991.982,0.0,5169065.63,3306492.046,0.0,0.0,0.0,4523930.633,3508786.163,59.8,17.527,0.0,0.0,0.0,0.0,0.0,0.0,0.0,0.0,0.0,0.0,74.75,1.0,94.0,1363.0,0.0,-1.0,-1.0,0.0,106.0,3168086.614,3906873.037,4196659.96,58312.001,1724738.963,0.0,6036635.041,676094.983,Benign,Benign,DoS,DoS,1.0,0.5034958124160767,0.00024938443675637245,0.1966715008020401,32.0
-12.0,1.0,0.0,1267982.955,78496473.221,45.0,0.0,0.0,397.0,473.0,0.0,-12.0,0.0,-12.0,-13.0,2184551.06,0.0,0.0,21109229.922,4828570.889,0.0,0.0,0.0,0.0,0.0,0.0,0.0,4523930.633,5678020.516,162.333,203.227,0.0,0.0,0.0,0.0,0.0,0.0,0.0,0.0,0.0,0.0,243.5,1.0,45.0,0.0,71202142.021,-1.0,-1.0,0.0,106.0,0.0,0.0,0.0,0.0,4897592.962,605522.408,0.0,0.0,Benign,Benign,PortScan,PortScan,0.9999996423721313,0.9978070855140686,0.00010906090028584003,0.2623896896839142,14.0
